,All women age 15-49 years who are anaemic (%),Any method (%),Any modern method (%),Births assisted by a doctor/nurse/LHV/ANM/other health personnel (%),Births delivered by caesarean section (%),Births in a private health facility delivered by caesarean section (%),Births in a public health facility delivered by caesarean section (%),Blood sugar level - high (>140 mg/dl) (%),Blood sugar level - very high (>160 mg/dl) (%),Breast (%),Breastfeeding children age 6-23 months receiving an adequate diet (%),Cervix (%),"Children age 12-23 months fully immunized (BCG, measles, and 3 doses each of polio and DPT) (%)",Children age 12-23 months who have received 3 doses of DPT vaccine (%),Children age 12-23 months who have received 3 doses of Hepatitis B vaccine (%),Children age 12-23 months who have received 3 doses of polio vaccine (%),Children age 12-23 months who have received BCG (%),Children age 12-23 months who have received measles vaccine (%),Children age 12-23 months who received most of the vaccinations in private health facility (%),Children age 12-23 months who received most of the vaccinations in public health facility (%),Children age 6-59 months who are anaemic (<11.0 g/dl) (%),Children age 6-8 months receiving solid or semi-solid food and breastmilk (%),Children age 9-59 months who received a vitamin A dose in last 6 months (%),Children born at home who were taken to a health facility for check-up within 24 hours of birth (%),Children under 5 years who are severely wasted (weight-for-height) (%),Children under 5 years who are stunted (height-for-age) (%),Children under 5 years who are underweight (weight-for-age) (%),Children under 5 years who are wasted (weight-for-height) (%),Children under age 3 years breastfed within one hour of birth (%),Children under age 5 years whose birth was registered (%),Children under age 6 months exclusively breastfed (%),Children who received a health check after birth from a doctor/nurse/LHV/ANM/midwife/other health personnel within 2 days of birth (%),Children with diarrhoea in the last 2 weeks taken to a health facility (%),Children with diarrhoea in the last 2 weeks who received oral rehydration salts (ORS) (%),Children with diarrhoea in the last 2 weeks who received zinc (%),Children with fever or symptoms of ARI in the last 2 weeks preceding the survey taken to a health facility (%),Condom (%),Current users ever told about side effects of current method (%),Currently married women who usually participate in household decisions (%),Ever-married women who have ever experienced spousal violence (%),Ever-married women who have experienced violence during any pregnancy (%),Health worker ever talked to female non-users about family planning (%),Home delivery conducted by skilled health personnel (out of total deliveries) (%),Households using clean fuel for cooking (%),Households using improved sanitation facility (%),Households using iodized salt (%),Households with an improved drinking-water source1 (%),Households with any usual member covered by a health scheme or health insurance (%),Households with electricity (%),Infant mortality rate (IMR),Institutional births (%),Institutional births in public facility (%),IUD/PPIUD (%),Male sterilization (%),Men age 15-49 years who are anaemic (<13.0 g/dl) (%),Men age 25-29 years married before age 21 years (%),Men who are literate (%),Men who are overweight or obese (BMI >= 25.0 kg/m2) (%),Men who consume alcohol (%),Men who have comprehensive knowledge17 of HIV/AIDS (%),Men who know that consistent condom use can reduce the chances of getting HIV/AIDS (%),Men who tried to stop smoking or using tobacco in any other form (during the past 12 months) (%),Men who use any kind of tobacco (%),Men whose Body Mass Index (BMI) is below normal (BMI < 18.5 kg/m2) (%),Moderately high (Systolic 160-179 mm of Hg and/or Diastolic 100-109 mm of Hg) (%),Mothers who consumed iron folic acid for 100 days or more when they were pregnant (%),Mothers who had antenatal check-up in the first trimester (%),Mothers who had at least 4 antenatal care visits (%),Mothers who had full antenatal care (%),Mothers who received financial assistance under Janani Suraksha Yojana (JSY) for births delivered in an institution (%),Mothers who received postnatal care from a doctor/nurse/LHV/ANM/midwife/other health personnel within 2 days of delivery (%),Mothers whose last birth was protected against neonatal tetanus (%),Non-breastfeeding children age 6-23 months receiving an adequate diet (%),Non-pregnant women age 15-49 years who are anaemic (<12.0 g/dl) (%),Oral cavity (%),Pill (%),Population (female) age 6 years and above who ever attended school (%),Population below age 15 years (%),Pregnant women age 15-49 years who are anaemic (<11.0 g/dl) (%),Prevalence of diarrhoea (reported) in the last 2 weeks preceding the survey (%),Prevalence of symptoms of acute respiratory infection (ARI) in the last 2 weeks preceding the survey (%),Registered pregnancies for which the mother received Mother and Child Protection (MCP) card (%),"Sex ratio at birth for children born in the last five years (females per 1,000 males)","Sex ratio of the total population (females per 1,000 males)",Slightly above normal (Systolic 140-159 mm of Hg and/or Diastolic 90-99 mm of Hg) (%),Total children age 6-23 months receiving an adequate diet (%),Total fertility rate (children per woman),Total unmet need (%),Under-five mortality rate (U5MR),Unmet need for spacing (%),Very high (Systolic 180 mm of Hg and/or Diastolic 110 mm of Hg) (%),Women age 15-19 years who were already mothers or pregnant at the time of the survey (%),Women age 15-24 years who use hygienic methods of protection during their menstrual period18 (%),Women age 20-24 years married before age 18 years (%),Women having a bank or savings account that they themselves use (%),Women having a mobile phone that they themselves use (%),Women owning a house and/or land (alone or jointly with others) (%),Women who are literate (%),Women who are overweight or obese (BMI >= 25.0 kg/m2) (%),Women who consume alcohol (%),Women who have comprehensive knowledge17 of HIV/AIDS (%),Women who know that consistent condom use can reduce the chances of getting HIV/AIDS (%),Women who tried to stop smoking or using tobacco in any other form during the past 12 months (%),Women who use any kind of tobacco (%),Women who worked in the last 12 months who were paid in cash (%),Women whose Body Mass Index (BMI) is below normal (BMI < 18.5 kg/m2) (%),Women with 10 or more years of schooling (%)
All women age 15-49 years who are anaemic (%),1,,,,,,,,,,,,,,,,,,,,,,,,,,,,,,,,,,,,,,,,,,,,,,,,,,,,,,,,,,,,,,,,,,,,,,,,,,,,,,,,,,,,,,,,,,,,,,,,,,,,,,,,,,
Any method (%),0.380858121,1,,,,,,,,,,,,,,,,,,,,,,,,,,,,,,,,,,,,,,,,,,,,,,,,,,,,,,,,,,,,,,,,,,,,,,,,,,,,,,,,,,,,,,,,,,,,,,,,,,,,,,,,,
Any modern method (%),0.375290727,0.927052355,1,,,,,,,,,,,,,,,,,,,,,,,,,,,,,,,,,,,,,,,,,,,,,,,,,,,,,,,,,,,,,,,,,,,,,,,,,,,,,,,,,,,,,,,,,,,,,,,,,,,,,,,,
Births assisted by a doctor/nurse/LHV/ANM/other health personnel (%),0.163315638,0.460757481,0.504100006,1,,,,,,,,,,,,,,,,,,,,,,,,,,,,,,,,,,,,,,,,,,,,,,,,,,,,,,,,,,,,,,,,,,,,,,,,,,,,,,,,,,,,,,,,,,,,,,,,,,,,,,,
Births delivered by caesarean section (%),0.011532643,0.294291976,0.321577977,0.669754446,1,,,,,,,,,,,,,,,,,,,,,,,,,,,,,,,,,,,,,,,,,,,,,,,,,,,,,,,,,,,,,,,,,,,,,,,,,,,,,,,,,,,,,,,,,,,,,,,,,,,,,,
Births in a private health facility delivered by caesarean section (%),-0.06463389,0.273649182,0.123331142,0.199483067,0.580489398,1,,,,,,,,,,,,,,,,,,,,,,,,,,,,,,,,,,,,,,,,,,,,,,,,,,,,,,,,,,,,,,,,,,,,,,,,,,,,,,,,,,,,,,,,,,,,,,,,,,,,,
Births in a public health facility delivered by caesarean section (%),-0.151977363,0.248030649,0.234397382,0.527828245,0.915423992,0.59737486,1,,,,,,,,,,,,,,,,,,,,,,,,,,,,,,,,,,,,,,,,,,,,,,,,,,,,,,,,,,,,,,,,,,,,,,,,,,,,,,,,,,,,,,,,,,,,,,,,,,,,
Blood sugar level - high (>140 mg/dl) (%),-0.240655187,-0.140629481,-0.169201666,0.379829504,0.379220413,0.073037945,0.37325221,1,,,,,,,,,,,,,,,,,,,,,,,,,,,,,,,,,,,,,,,,,,,,,,,,,,,,,,,,,,,,,,,,,,,,,,,,,,,,,,,,,,,,,,,,,,,,,,,,,,,
Blood sugar level - very high (>160 mg/dl) (%),-0.018348021,-0.046194842,-0.018064795,0.476950911,0.509035645,0.110793825,0.459253456,0.90796659,1,,,,,,,,,,,,,,,,,,,,,,,,,,,,,,,,,,,,,,,,,,,,,,,,,,,,,,,,,,,,,,,,,,,,,,,,,,,,,,,,,,,,,,,,,,,,,,,,,,
Breast (%),-0.136634805,-0.055650773,0.005975887,0.485604458,0.410493991,-0.036796633,0.311618685,0.327167294,0.347708427,1,,,,,,,,,,,,,,,,,,,,,,,,,,,,,,,,,,,,,,,,,,,,,,,,,,,,,,,,,,,,,,,,,,,,,,,,,,,,,,,,,,,,,,,,,,,,,,,,,
Breastfeeding children age 6-23 months receiving an adequate diet (%),-0.477784802,-0.232108799,-0.191173867,-0.054807148,0.195427586,0.192646651,0.423204898,0.28575256,0.198660862,0.050693787,1,,,,,,,,,,,,,,,,,,,,,,,,,,,,,,,,,,,,,,,,,,,,,,,,,,,,,,,,,,,,,,,,,,,,,,,,,,,,,,,,,,,,,,,,,,,,,,,,
Cervix (%),-0.017628445,0.120492015,0.146244778,0.530720358,0.513419035,0.021109299,0.417283425,0.301745065,0.297132399,0.834439525,-0.075353437,1,,,,,,,,,,,,,,,,,,,,,,,,,,,,,,,,,,,,,,,,,,,,,,,,,,,,,,,,,,,,,,,,,,,,,,,,,,,,,,,,,,,,,,,,,,,,,,,
"Children age 12-23 months fully immunized (BCG, measles, and 3 doses each of polio and DPT) (%)",0.056987016,0.316201613,0.297307991,0.652833587,0.543130018,0.329339878,0.485020605,0.410644246,0.426797909,0.542050975,0.310201957,0.502036249,1,,,,,,,,,,,,,,,,,,,,,,,,,,,,,,,,,,,,,,,,,,,,,,,,,,,,,,,,,,,,,,,,,,,,,,,,,,,,,,,,,,,,,,,,,,,,,,
Children age 12-23 months who have received 3 doses of DPT vaccine (%),0.254939789,0.424318542,0.427815095,0.704927438,0.593890398,0.392790381,0.481862533,0.309243431,0.390347084,0.431444532,0.138613907,0.481333053,0.932745017,1,,,,,,,,,,,,,,,,,,,,,,,,,,,,,,,,,,,,,,,,,,,,,,,,,,,,,,,,,,,,,,,,,,,,,,,,,,,,,,,,,,,,,,,,,,,,,
Children age 12-23 months who have received 3 doses of Hepatitis B vaccine (%),0.034472881,0.288081305,0.261534082,0.58917655,0.502783843,0.304248626,0.481740296,0.476149183,0.504566379,0.46054547,0.340760783,0.450781486,0.94418654,0.875861434,1,,,,,,,,,,,,,,,,,,,,,,,,,,,,,,,,,,,,,,,,,,,,,,,,,,,,,,,,,,,,,,,,,,,,,,,,,,,,,,,,,,,,,,,,,,,,
Children age 12-23 months who have received 3 doses of polio vaccine (%),0.049162885,0.285832494,0.272869757,0.643185279,0.531788708,0.296258017,0.486841763,0.426489389,0.433640127,0.528538936,0.340003313,0.454751352,0.978312481,0.899431972,0.912069233,1,,,,,,,,,,,,,,,,,,,,,,,,,,,,,,,,,,,,,,,,,,,,,,,,,,,,,,,,,,,,,,,,,,,,,,,,,,,,,,,,,,,,,,,,,,,
Children age 12-23 months who have received BCG (%),0.27215053,0.409617061,0.441003028,0.68955137,0.55288429,0.372552899,0.390810541,0.146773289,0.222813252,0.386382531,0.04309335,0.427481293,0.817810164,0.93715577,0.718025983,0.804876822,1,,,,,,,,,,,,,,,,,,,,,,,,,,,,,,,,,,,,,,,,,,,,,,,,,,,,,,,,,,,,,,,,,,,,,,,,,,,,,,,,,,,,,,,,,,
Children age 12-23 months who have received measles vaccine (%),0.317815505,0.472320707,0.501269346,0.73072425,0.569043533,0.389898034,0.407285346,0.167051812,0.281164571,0.446169241,-0.028603505,0.484255397,0.846934369,0.955614134,0.764785058,0.805385431,0.956624847,1,,,,,,,,,,,,,,,,,,,,,,,,,,,,,,,,,,,,,,,,,,,,,,,,,,,,,,,,,,,,,,,,,,,,,,,,,,,,,,,,,,,,,,,,,
Children age 12-23 months who received most of the vaccinations in private health facility (%),-0.091597994,-0.113584187,0.064054404,0.280646521,0.373468352,-0.136879898,0.23740544,0.112449464,0.290612071,0.634518896,-0.029084814,0.462982086,0.136297359,0.082726309,0.056361713,0.12839227,0.072417564,0.157807125,1,,,,,,,,,,,,,,,,,,,,,,,,,,,,,,,,,,,,,,,,,,,,,,,,,,,,,,,,,,,,,,,,,,,,,,,,,,,,,,,,,,,,,,,,
Children age 12-23 months who received most of the vaccinations in public health facility (%),0.105477311,0.152254443,0.003871702,-0.184787763,-0.292105464,0.184272857,-0.150121796,-0.047448588,-0.21704857,-0.57526968,0.054364898,-0.393609609,-0.053628654,0.009313938,0.021157232,-0.060402927,-0.018850058,-0.073564258,-0.959272324,1,,,,,,,,,,,,,,,,,,,,,,,,,,,,,,,,,,,,,,,,,,,,,,,,,,,,,,,,,,,,,,,,,,,,,,,,,,,,,,,,,,,,,,,
Children age 6-59 months who are anaemic (<11.0 g/dl) (%),0.790974027,0.230604177,0.292087998,0.173202554,-0.025607181,-0.121504116,-0.261128314,-0.383800113,-0.222014147,0.03098623,-0.624580272,0.07915393,-0.01714084,0.177975342,-0.129409298,-0.016660492,0.31415404,0.336792734,0.094717031,-0.106218365,1,,,,,,,,,,,,,,,,,,,,,,,,,,,,,,,,,,,,,,,,,,,,,,,,,,,,,,,,,,,,,,,,,,,,,,,,,,,,,,,,,,,,,,
Children age 6-8 months receiving solid or semi-solid food and breastmilk (%),-0.430699474,0.030858339,0.129602073,-0.199303279,0.029564424,0.018479319,0.22255243,-0.025407015,-0.083718189,-0.368688785,0.664624065,-0.341422126,-0.043809688,-0.10121034,0.001194011,-0.019952502,-0.102101351,-0.204165422,-0.146380447,0.146971788,-0.600805377,1,,,,,,,,,,,,,,,,,,,,,,,,,,,,,,,,,,,,,,,,,,,,,,,,,,,,,,,,,,,,,,,,,,,,,,,,,,,,,,,,,,,,,
Children age 9-59 months who received a vitamin A dose in last 6 months (%),0.136793631,0.314986613,0.462744379,0.684687633,0.485414378,0.21055319,0.326839653,0.218572401,0.363042266,0.451033215,0.074809906,0.334488273,0.571036192,0.580758854,0.49399683,0.5586782,0.524636176,0.601970276,0.410032539,-0.290541725,0.137794465,-0.064778169,1,,,,,,,,,,,,,,,,,,,,,,,,,,,,,,,,,,,,,,,,,,,,,,,,,,,,,,,,,,,,,,,,,,,,,,,,,,,,,,,,,,,,
Children born at home who were taken to a health facility for check-up within 24 hours of birth (%),0.312132897,0.296558572,0.428137938,0.238407263,0.33633843,0.255570371,0.159971372,-0.091454581,0.092069956,-0.18204966,-0.169065721,-0.045165074,-0.077083748,0.120549719,-0.056101591,-0.092648838,0.20383954,0.219182442,0.143869166,-0.100999826,0.220283745,0.158819096,0.290107442,1,,,,,,,,,,,,,,,,,,,,,,,,,,,,,,,,,,,,,,,,,,,,,,,,,,,,,,,,,,,,,,,,,,,,,,,,,,,,,,,,,,,
Children under 5 years who are severely wasted (weight-for-height) (%),0.36220288,-0.023526668,0.132160587,0.013534216,-0.260278738,-0.312220423,-0.431368658,-0.279409057,-0.120440016,0.145678305,-0.326112777,-0.118751969,-0.165569855,-0.095361946,-0.29727188,-0.144964245,0.035734252,0.04670226,0.362699262,-0.343734461,0.570074176,-0.320526518,0.212559056,0.170982264,1,,,,,,,,,,,,,,,,,,,,,,,,,,,,,,,,,,,,,,,,,,,,,,,,,,,,,,,,,,,,,,,,,,,,,,,,,,,,,,,,,,
Children under 5 years who are stunted (height-for-age) (%),0.331498758,-0.158457802,-0.135419482,-0.425558333,-0.564306313,-0.233267764,-0.660623273,-0.577000095,-0.580860891,-0.526542339,-0.330760328,-0.470002093,-0.469490252,-0.306159119,-0.485173591,-0.479611093,-0.096684246,-0.203238189,-0.411039669,0.290887266,0.389917392,-0.020084324,-0.319308841,0.194354798,0.303124335,1,,,,,,,,,,,,,,,,,,,,,,,,,,,,,,,,,,,,,,,,,,,,,,,,,,,,,,,,,,,,,,,,,,,,,,,,,,,,,,,,,
Children under 5 years who are underweight (weight-for-age) (%),0.56282651,0.084848445,0.128926941,-0.121615881,-0.312965133,-0.142234133,-0.55826031,-0.42445223,-0.316024592,-0.254880734,-0.581846871,-0.228671279,-0.253060396,-0.05211175,-0.323183405,-0.268711657,0.148515635,0.097484917,-0.130256323,0.070604499,0.615655243,-0.285804357,-0.009016632,0.363684013,0.584343404,0.806829015,1,,,,,,,,,,,,,,,,,,,,,,,,,,,,,,,,,,,,,,,,,,,,,,,,,,,,,,,,,,,,,,,,,,,,,,,,,,,,,,,,
Children under 5 years who are wasted (weight-for-height) (%),0.484586501,0.125481381,0.269521994,0.121021588,-0.135432907,-0.189747089,-0.369131834,-0.260534073,-0.081464482,0.040178379,-0.422268579,-0.125604626,-0.090089236,0.04158675,-0.213778162,-0.079295464,0.205656186,0.205655489,0.231614279,-0.211357609,0.625314215,-0.276680477,0.274805576,0.339465784,0.905807054,0.419596286,0.782441997,1,,,,,,,,,,,,,,,,,,,,,,,,,,,,,,,,,,,,,,,,,,,,,,,,,,,,,,,,,,,,,,,,,,,,,,,,,,,,,,,
Children under age 3 years breastfed within one hour of birth (%),-0.523590831,-0.37283093,-0.329412771,0.109131261,0.11519334,0.116829108,0.220394131,0.343437209,0.316673495,0.303719975,0.52786209,0.101868212,0.146761893,-0.032833736,0.178883347,0.113373478,-0.144607779,-0.091159283,0.284741104,-0.206185089,-0.57785957,0.262416807,0.31698291,-0.058063996,-0.064704616,-0.39010756,-0.449290549,-0.1815824,1,,,,,,,,,,,,,,,,,,,,,,,,,,,,,,,,,,,,,,,,,,,,,,,,,,,,,,,,,,,,,,,,,,,,,,,,,,,,,,
Children under age 5 years whose birth was registered (%),0.120158889,0.375524191,0.410411864,0.688290258,0.422973344,0.118997382,0.356142768,0.40262851,0.453375252,0.494740944,0.072405474,0.404553577,0.480564114,0.452895478,0.453124477,0.452739548,0.338150604,0.469629517,0.318165396,-0.18729887,0.0124632,-0.154882543,0.699362305,0.128584309,0.03007152,-0.534549158,-0.290886915,0.039495664,0.358825022,1,,,,,,,,,,,,,,,,,,,,,,,,,,,,,,,,,,,,,,,,,,,,,,,,,,,,,,,,,,,,,,,,,,,,,,,,,,,,,
Children under age 6 months exclusively breastfed (%),-0.191413845,-0.097686141,-0.042087506,0.072761943,0.089323311,0.198337789,0.042693053,0.187779466,0.187316311,-0.228095427,0.01718698,-0.266483505,-0.106982876,-0.053715562,-0.076658349,-0.055455243,0.020255723,-0.044953045,-0.088805478,0.149558977,-0.209509678,0.155714672,0.154119769,0.263047208,0.106617388,-0.024442793,0.079670852,0.173383069,0.15124326,-0.058235292,1,,,,,,,,,,,,,,,,,,,,,,,,,,,,,,,,,,,,,,,,,,,,,,,,,,,,,,,,,,,,,,,,,,,,,,,,,,,,
Children who received a health check after birth from a doctor/nurse/LHV/ANM/midwife/other health personnel within 2 days of birth (%),0.15955018,0.369072213,0.327247413,0.664499402,0.525362778,0.20031219,0.378956339,0.336898726,0.381840366,0.710193712,-0.10104952,0.737814501,0.713268073,0.717818564,0.684614413,0.669558983,0.676429286,0.733437889,0.265765737,-0.222190461,0.123034737,-0.33353302,0.38610241,0.072212371,-0.048712054,-0.375615948,-0.045464459,0.053917971,0.017181348,0.504182317,-0.213467369,1,,,,,,,,,,,,,,,,,,,,,,,,,,,,,,,,,,,,,,,,,,,,,,,,,,,,,,,,,,,,,,,,,,,,,,,,,,,
Children with diarrhoea in the last 2 weeks taken to a health facility (%),0.0841245,0.533135823,0.554879448,0.002361345,0.049411391,0.058246316,0.059795963,-0.262007421,-0.253652559,-0.243055335,0.054756142,-0.18736103,-0.007513395,0.040955113,-0.074614176,0.046932626,0.152336394,0.049872528,-0.191410217,0.151322426,-0.051714036,0.500927148,0.060078842,0.314427002,0.030351293,0.195069413,0.24616175,0.186876249,-0.345768157,-0.111472219,0.16245008,-0.062583672,1,,,,,,,,,,,,,,,,,,,,,,,,,,,,,,,,,,,,,,,,,,,,,,,,,,,,,,,,,,,,,,,,,,,,,,,,,,
Children with diarrhoea in the last 2 weeks who received oral rehydration salts (ORS) (%),-0.13752454,0.275066289,0.298075428,-0.208302334,-0.106136047,-0.027239635,0.038376899,-0.177641416,-0.221060418,-0.354372807,0.302177678,-0.334294877,-0.102878262,-0.146971223,-0.092096769,-0.058470122,-0.124488792,-0.211792252,-0.318195248,0.306604523,-0.391411053,0.716917185,-0.096904258,0.186806646,-0.152201939,0.104257026,-0.01260893,-0.07114411,-0.070528066,-0.188667404,0.222853475,-0.268957955,0.853656861,1,,,,,,,,,,,,,,,,,,,,,,,,,,,,,,,,,,,,,,,,,,,,,,,,,,,,,,,,,,,,,,,,,,,,,,,,,
Children with diarrhoea in the last 2 weeks who received zinc (%),-0.065805115,0.147675828,0.233912353,-0.163912584,0.094023399,0.155925636,0.211172796,-0.274343425,-0.195710068,-0.211266063,0.415331472,-0.288329789,-0.011664202,-0.040204418,-0.061645722,0.007675195,-0.019206305,-0.083134427,-0.141768709,0.132670935,-0.231751691,0.620005398,0.009609917,0.195454124,-0.024607295,0.090545112,-0.032129809,0.021563666,0.041337925,-0.11444738,-0.035582931,-0.192436122,0.63671389,0.733656021,1,,,,,,,,,,,,,,,,,,,,,,,,,,,,,,,,,,,,,,,,,,,,,,,,,,,,,,,,,,,,,,,,,,,,,,,,
Children with fever or symptoms of ARI in the last 2 weeks preceding the survey taken to a health facility (%),-0.131341725,0.198345499,0.264072802,0.304399137,0.287547464,0.054661055,0.139698932,0.172217579,0.112711167,0.391176247,0.159080228,0.256670917,0.42075813,0.332415572,0.264247034,0.481516363,0.401518002,0.335475774,0.243388685,-0.249361305,0.006269396,0.084184986,0.401444888,0.056065983,0.175971451,-0.209360336,0.04305684,0.234736377,-0.050730275,0.196822804,0.221824549,0.252798203,0.499840474,0.276156879,0.200534465,1,,,,,,,,,,,,,,,,,,,,,,,,,,,,,,,,,,,,,,,,,,,,,,,,,,,,,,,,,,,,,,,,,,,,,,,
Condom (%),0.243719506,0.463034122,0.344643722,0.153792064,-0.05773325,-0.068471342,-0.038346881,-0.204345985,-0.244725965,0.188770561,-0.37659991,0.317035355,0.225866959,0.285926563,0.179358856,0.204828488,0.270900813,0.336398059,-0.127013227,0.092601312,0.344050217,-0.331437136,-0.120236845,-0.22780267,-0.144849497,-0.057711636,-0.065310143,-0.175064272,-0.532077666,0.11499238,-0.512696619,0.346817487,0.047112735,-0.112932414,-0.217947358,-0.064953647,1,,,,,,,,,,,,,,,,,,,,,,,,,,,,,,,,,,,,,,,,,,,,,,,,,,,,,,,,,,,,,,,,,,,,,,
Current users ever told about side effects of current method (%),0.024821309,0.202333034,0.238479181,0.181893783,-0.130543854,-0.226465263,-0.051957601,-0.028363273,0.085049439,0.228321572,0.209505539,-0.034689524,0.295194358,0.185172352,0.282417415,0.308188589,0.098644994,0.139753866,0.204569952,-0.203658163,-0.11015316,0.190498583,0.286697968,-0.065508831,0.161372452,-0.19837476,-0.204387577,0.021929532,0.246064211,0.304737997,-0.240850902,0.183991097,0.119527249,0.205782818,0.216948291,-0.004565977,0.216815998,1,,,,,,,,,,,,,,,,,,,,,,,,,,,,,,,,,,,,,,,,,,,,,,,,,,,,,,,,,,,,,,,,,,,,,
Currently married women who usually participate in household decisions (%),-0.437311074,-0.102263388,-0.159618886,-0.170429394,-0.120906739,-0.059929365,0.044304287,0.236420393,0.15166852,0.125650801,0.394181561,0.010208411,0.091214537,-0.059279592,0.209944047,0.057169738,-0.252657246,-0.196657552,0.103669923,-0.079888661,-0.558784392,0.216363136,-0.058954057,-0.406646792,-0.281284576,-0.445746131,-0.573309721,-0.478706913,0.392257284,0.158630515,-0.138207798,-0.015138158,-0.316039051,-0.055545022,-0.153035971,-0.230648423,0.027365578,0.318631046,1,,,,,,,,,,,,,,,,,,,,,,,,,,,,,,,,,,,,,,,,,,,,,,,,,,,,,,,,,,,,,,,,,,,,
Ever-married women who have ever experienced spousal violence (%),0.333729678,0.012709885,0.031935969,-0.142707904,-0.00130397,0.091785301,-0.088213058,-0.246365627,-0.081926373,-0.38369152,-0.136399899,-0.310780938,-0.155545133,-0.066581283,-0.146898818,-0.15268339,0.029144779,-0.043887532,-0.032380286,-0.008166909,0.144828224,0.17129946,-0.137974464,0.449205601,0.078360491,0.384881374,0.426815615,0.222991774,-0.155733819,-0.414253771,0.155744063,-0.189134012,0.268235567,0.282169417,0.291228079,-0.152268225,-0.315556476,0.043006953,-0.359839755,1,,,,,,,,,,,,,,,,,,,,,,,,,,,,,,,,,,,,,,,,,,,,,,,,,,,,,,,,,,,,,,,,,,,
Ever-married women who have experienced violence during any pregnancy (%),0.453228821,0.220809437,0.325218043,0.177191972,0.175013414,0.03631171,0.011018511,-0.124892524,0.09540181,-0.114988767,-0.258470012,-0.125349464,0.02662105,0.107844579,-0.006076351,0.046210441,0.163913197,0.193472813,0.296420898,-0.290198481,0.371183719,-0.059189924,0.260981648,0.56139351,0.314865285,0.126605903,0.367905248,0.404319702,-0.167418143,0.045112018,0.031899545,0.013957343,0.149784515,0.038777638,0.123756739,0.007955916,-0.160801761,0.053607519,-0.42547836,0.654939784,1,,,,,,,,,,,,,,,,,,,,,,,,,,,,,,,,,,,,,,,,,,,,,,,,,,,,,,,,,,,,,,,,,,
Health worker ever talked to female non-users about family planning (%),0.153795236,0.116341067,0.218610059,0.478396376,0.154527702,-0.229244558,0.028828712,0.291951141,0.407314445,0.596274537,0.055940582,0.37072229,0.57348849,0.505384822,0.531771455,0.557108893,0.42608171,0.471547884,0.268605724,-0.21099396,0.080167153,-0.148328715,0.508348815,-0.021549886,0.283701187,-0.264594075,0.005833271,0.280283135,0.221436935,0.492954811,-0.14026695,0.593472653,-0.085328863,-0.103013744,0.057116745,0.300450503,0.074796569,0.594985964,0.111419441,-0.110239412,0.057824834,1,,,,,,,,,,,,,,,,,,,,,,,,,,,,,,,,,,,,,,,,,,,,,,,,,,,,,,,,,,,,,,,,,
Home delivery conducted by skilled health personnel (out of total deliveries) (%),-0.12517812,-0.136930654,-0.14862485,-0.5546328,-0.45171668,-0.079243273,-0.428636388,-0.251345415,-0.366866853,-0.478609665,-0.053616915,-0.43925701,-0.237567513,-0.196945299,-0.195886736,-0.232562611,-0.134188714,-0.218606116,-0.317899868,0.293754953,-0.162704458,0.27726441,-0.375383957,0.020732991,-0.093552839,0.454174292,0.267183845,-0.045945061,-0.233321376,-0.531360318,0.162410877,-0.371519565,0.140905348,0.246510122,-0.014833879,-0.187542521,-0.012542076,-0.131309361,0.049079522,0.32762897,0.138979512,-0.349950406,1,,,,,,,,,,,,,,,,,,,,,,,,,,,,,,,,,,,,,,,,,,,,,,,,,,,,,,,,,,,,,,,,
Households using clean fuel for cooking (%),0.039764851,0.223835158,0.334277983,0.559506259,0.528427715,-0.022363821,0.507683956,0.20306729,0.357663535,0.505520773,-0.055141912,0.494183506,0.320795089,0.314123274,0.254582738,0.312051386,0.225568788,0.35337515,0.570812104,-0.499367075,0.138793217,-0.13340987,0.381777052,0.061485572,-0.032846728,-0.578838353,-0.421338876,-0.108161186,0.065870124,0.493793342,-0.32130287,0.348185098,-0.176597215,-0.237954821,-0.011980574,0.025765746,0.375441168,0.300442088,0.043818154,-0.171135002,0.202601765,0.336093789,-0.479736453,1,,,,,,,,,,,,,,,,,,,,,,,,,,,,,,,,,,,,,,,,,,,,,,,,,,,,,,,,,,,,,,,
Households using improved sanitation facility (%),-0.320985181,0.027567184,0.014399863,0.316989611,0.325255654,-0.080676421,0.408607355,0.478910495,0.331970751,0.535155184,0.259776883,0.528852069,0.336897082,0.185155221,0.318122975,0.333870461,0.03453128,0.098062991,0.244569082,-0.173006326,-0.248329405,-0.047309919,0.181732595,-0.423353224,-0.375590148,-0.700624605,-0.73588924,-0.501477364,0.259560605,0.562413094,-0.33799435,0.333683887,-0.273994712,-0.242285975,-0.174946356,0.119199194,0.286367536,0.118523623,0.38999801,-0.667914615,-0.43495706,0.21284478,-0.40953371,0.522123406,1,,,,,,,,,,,,,,,,,,,,,,,,,,,,,,,,,,,,,,,,,,,,,,,,,,,,,,,,,,,,,,
Households using iodized salt (%),-0.425632564,-0.090286959,-0.216460886,-0.286773178,-0.186290521,-0.069305144,-0.049315222,0.069201876,-0.158811505,0.092432661,0.252780706,0.037071665,0.136919141,-0.053648215,0.123939924,0.114746159,-0.178763704,-0.164978338,-0.117703515,0.108292432,-0.451274659,0.194583408,-0.161182954,-0.659291509,-0.367866815,-0.251797197,-0.374389354,-0.441796888,0.082219391,-0.087593421,-0.158545323,-0.075992922,0.015785211,0.185093213,-0.048173319,0.162655692,0.19415883,0.056878087,0.552596006,-0.334315063,-0.4942879,-0.0430329,0.178066516,-0.11571073,0.342796131,1,,,,,,,,,,,,,,,,,,,,,,,,,,,,,,,,,,,,,,,,,,,,,,,,,,,,,,,,,,,,,
Households with an improved drinking-water source1 (%),0.140351182,0.35944836,0.361340854,0.321352111,-0.006264148,-0.098911793,-0.084912439,0.073059651,0.074030629,0.32953075,-0.146019551,0.215058331,0.317386515,0.261888908,0.275167466,0.31976914,0.186604686,0.291821332,0.083476262,-0.084987133,0.224204018,-0.31087758,0.420306907,-0.150321253,0.178723245,-0.171569178,0.020767663,0.179222374,-0.138056635,0.414616641,-0.332352025,0.405283137,0.040598992,-0.162070698,-0.137434513,0.25259165,0.380560551,0.250941163,-0.036785789,-0.498596297,-0.031095209,0.346197131,-0.291331217,0.223465245,0.292365375,0.101792845,1,,,,,,,,,,,,,,,,,,,,,,,,,,,,,,,,,,,,,,,,,,,,,,,,,,,,,,,,,,,,
Households with any usual member covered by a health scheme or health insurance (%),0.056684811,0.280594288,0.367831082,0.125011122,0.327583505,0.369175514,0.265068085,0.083416553,0.217260283,-0.147410063,0.109434354,-0.074902373,0.044391008,0.108126234,0.067516473,0.018768903,0.05540156,0.10920273,0.116413586,-0.05649365,-0.091660124,0.269684836,0.351400638,0.563129409,-0.048756274,-0.163106574,-0.041368004,0.026579316,0.158936925,0.150567354,0.223159536,0.040287555,0.262899113,0.235763667,0.35422944,0.044630157,-0.346689985,0.097570079,0.002650005,0.329524882,0.262762109,0.015424244,-0.173574721,0.050659976,-0.096089279,-0.242250498,-0.030351247,1,,,,,,,,,,,,,,,,,,,,,,,,,,,,,,,,,,,,,,,,,,,,,,,,,,,,,,,,,,,
Households with electricity (%),-0.103170867,0.27890503,0.354298044,0.442692115,0.487159088,0.13230429,0.521740421,0.359813159,0.373359229,0.404630139,0.179928139,0.453559237,0.347269086,0.322535981,0.298812985,0.334515616,0.220191562,0.318953767,0.332480781,-0.193924627,-0.053765748,0.008474333,0.317743531,0.081198158,-0.068379015,-0.687852023,-0.536538319,-0.151915391,0.197856879,0.629771562,-0.03242166,0.314637448,-0.128915633,-0.117771396,0.001766499,0.138329874,0.203324392,0.116320226,0.263681507,-0.402542008,-0.06196032,0.2709281,-0.415216791,0.614455041,0.640418225,-0.059998229,0.017015006,0.204938568,1,,,,,,,,,,,,,,,,,,,,,,,,,,,,,,,,,,,,,,,,,,,,,,,,,,,,,,,,,,
Infant mortality rate (IMR),0.01476899,-0.082151248,-0.079548209,-0.435900688,-0.513958932,-0.065029679,-0.607698192,-0.460337793,-0.514865015,-0.548764181,-0.278322901,-0.527687908,-0.441366338,-0.3590044,-0.463066235,-0.429436349,-0.170310658,-0.25194996,-0.356536878,0.218265556,0.133645635,0.068895814,-0.259734187,0.162069904,0.157951948,0.71624127,0.570667143,0.249851856,-0.35309847,-0.483735139,0.31501866,-0.420089699,0.286961111,0.209861875,0.102487669,0.081175675,-0.099663296,-0.23453503,-0.391255008,0.269893112,0.132614789,-0.337766234,0.484078503,-0.567813664,-0.650178206,-0.084922797,-0.062725711,-0.045106141,-0.583481878,1,,,,,,,,,,,,,,,,,,,,,,,,,,,,,,,,,,,,,,,,,,,,,,,,,,,,,,,,,
Institutional births (%),0.192971113,0.418707357,0.477290382,0.973698493,0.663916313,0.161889189,0.501761418,0.35130563,0.470570047,0.540115236,-0.094464813,0.570900169,0.603311372,0.640985904,0.523106622,0.589492452,0.623301803,0.686010122,0.389442845,-0.299114382,0.246839865,-0.273564519,0.699935683,0.23344508,0.100224062,-0.452247954,-0.10946458,0.178358126,0.125133363,0.702258345,0.040868515,0.6338813,-0.040047045,-0.26620523,-0.172039478,0.351939059,0.122242696,0.145725525,-0.198454961,-0.162194616,0.210568562,0.480130496,-0.672597741,0.599872209,0.322317268,-0.300061405,0.338434555,0.132462871,0.470342891,-0.432469327,1,,,,,,,,,,,,,,,,,,,,,,,,,,,,,,,,,,,,,,,,,,,,,,,,,,,,,,,,
Institutional births in public facility (%),0.144116776,0.284237762,0.225478585,0.522554802,0.043969031,0.088961906,0.12973289,0.229549736,0.262695051,0.044309245,0.098732524,-0.023873521,0.397376858,0.365751911,0.444612037,0.400873923,0.262180307,0.332918843,-0.325421788,0.385656205,0.016127776,-0.149574598,0.320700713,-0.133944272,-0.025575375,-0.218646287,-0.177872778,-0.024487758,0.131736023,0.417345588,0.030049967,0.200312833,-0.123670724,-0.050604007,-0.040348518,-0.041797795,0.160377242,0.323548784,0.020241545,-0.228295942,-0.035221487,0.394917776,-0.42479914,0.189682306,0.076531904,-0.084812243,0.340898482,-0.088437126,0.153392328,-0.195340166,0.492064892,1,,,,,,,,,,,,,,,,,,,,,,,,,,,,,,,,,,,,,,,,,,,,,,,,,,,,,,,
IUD/PPIUD (%),-0.203082488,0.05231243,0.026012009,-0.115621775,-0.173502744,-0.232395643,0.012647833,-0.092845957,-0.215196194,0.002994392,0.145891746,0.051382496,0.018156406,-0.092626598,0.00420485,0.009254524,-0.203662228,-0.142913582,0.007618171,0.030338156,-0.151250096,0.181469581,-0.15749119,-0.331637795,-0.265753496,-0.232570598,-0.490540236,-0.418466646,0.039165867,0.100678635,-0.412067199,-0.123477715,-0.185682947,-0.046508355,-0.058910045,-0.279826574,0.442157644,0.363976295,0.314791956,-0.256883674,-0.204568242,-0.019611608,0.174146092,0.364281338,0.496571606,0.330733625,0.069503244,-0.261136433,0.302660388,-0.222452682,-0.155808831,0.001361688,1,,,,,,,,,,,,,,,,,,,,,,,,,,,,,,,,,,,,,,,,,,,,,,,,,,,,,,
Male sterilization (%),0.00880048,0.288626421,0.33780176,0.185412264,0.16332221,0.19568618,0.160117686,-0.186812555,-0.198837382,-0.075704734,0.079777451,0.041036558,0.259278182,0.346974638,0.286698811,0.236747727,0.345014103,0.371305405,-0.119653972,0.15537828,0.162408679,0.110104096,0.266083722,-0.00300078,-0.238973725,-0.116834629,-0.20451262,-0.210456101,-0.112515015,0.183116401,-0.041241237,0.04714848,-0.113089829,-0.19247773,-0.196773389,-0.020316408,0.306414705,-0.020303635,0.196855184,-0.317170613,-0.153895525,-0.048092853,-0.011648402,0.117948213,0.217845847,0.185105053,0.1859332,0.122474261,0.246786918,-0.017504712,0.156849677,0.170831054,0.237161688,1,,,,,,,,,,,,,,,,,,,,,,,,,,,,,,,,,,,,,,,,,,,,,,,,,,,,,
Men age 15-49 years who are anaemic (<13.0 g/dl) (%),0.758688069,0.180800623,0.170016397,-0.150226294,-0.323084416,-0.136135025,-0.43368367,-0.23522872,-0.089691345,-0.362056333,-0.291054586,-0.3684055,-0.081904828,0.041537985,-0.057368568,-0.078708445,0.051454466,0.059783745,-0.251202813,0.227288639,0.499087431,-0.161697693,0.090953312,0.270122078,0.349645472,0.540156721,0.628580516,0.455021331,-0.361796277,-0.081015203,0.054732581,-0.162418527,0.245556225,0.132728663,0.058934477,-0.015049709,-0.030077802,0.123360928,-0.346165459,0.392649261,0.313344419,0.084680779,0.132073145,-0.352793464,-0.548781658,-0.273206037,0.027190642,0.068039894,-0.434974297,0.34939213,-0.132249765,0.093928216,-0.248806537,-0.134003306,1,,,,,,,,,,,,,,,,,,,,,,,,,,,,,,,,,,,,,,,,,,,,,,,,,,,,
Men age 25-29 years married before age 21 years (%),0.324045621,-0.106876404,-0.02952164,-0.310351534,-0.428997582,-0.197160571,-0.568156924,-0.493453721,-0.41804425,-0.509571151,-0.360399833,-0.537877287,-0.510082858,-0.365855098,-0.55578508,-0.496280932,-0.157798413,-0.24278102,-0.149596439,0.092129058,0.443433144,-0.093977788,-0.176704462,0.22514013,0.448300154,0.709168883,0.669104463,0.50040499,-0.405674309,-0.455476926,0.314945581,-0.522578474,0.188940017,0.086990226,0.00564067,-0.059931804,-0.203842124,-0.135263207,-0.452912502,0.539598098,0.304641504,-0.278551372,0.36928475,-0.397217374,-0.678561668,-0.291699006,-0.228489865,0.018201395,-0.513142514,0.669926941,-0.296782834,-0.210769534,-0.244549773,-0.113706755,0.506596405,1,,,,,,,,,,,,,,,,,,,,,,,,,,,,,,,,,,,,,,,,,,,,,,,,,,,
Men who are literate (%),-0.494433203,-0.115385056,-0.122899903,0.388535685,0.260988306,-0.054373354,0.334326868,0.462430337,0.295402864,0.551581017,0.289363095,0.510097056,0.324879462,0.172987827,0.293599004,0.355745064,0.106981405,0.119631401,0.248929097,-0.193776289,-0.404011691,0.012257627,0.14658993,-0.354207219,-0.29816387,-0.659698854,-0.661595856,-0.409632807,0.438608171,0.490334822,-0.008136237,0.335858718,-0.23027233,-0.132229773,-0.198819226,0.214085626,0.121425892,0.077907875,0.396568627,-0.519498809,-0.388339363,0.188813262,-0.366076315,0.388570742,0.73473856,0.32461202,0.113689232,-0.129217002,0.543578676,-0.493699415,0.38676299,0.155391686,0.202932761,0.120611202,-0.708421917,-0.605866551,1,,,,,,,,,,,,,,,,,,,,,,,,,,,,,,,,,,,,,,,,,,,,,,,,,,
Men who are overweight or obese (BMI >= 25.0 kg/m2) (%),0.059536461,0.191988678,0.302173535,0.679532471,0.595916621,-0.03577849,0.558473721,0.447880144,0.592843374,0.524224841,0.116008651,0.512020551,0.518801298,0.478121998,0.522957253,0.516299055,0.330061431,0.434362582,0.48984107,-0.388311408,0.06597085,-0.097423341,0.517856546,0.004954993,-0.070880773,-0.704556947,-0.495797245,-0.116783887,0.243839621,0.577537871,-0.139180944,0.444851489,-0.295863225,-0.33057818,-0.147949538,0.107430625,0.123062768,0.260553267,0.138791391,-0.246492731,0.106076714,0.497547964,-0.57774075,0.812093808,0.578817258,-0.126171172,0.252699194,0.093999187,0.584211379,-0.695666385,0.714315992,0.34627593,0.226109954,0.242828139,-0.254719714,-0.51818391,0.429708235,1,,,,,,,,,,,,,,,,,,,,,,,,,,,,,,,,,,,,,,,,,,,,,,,,,
Men who consume alcohol (%),-0.142790643,-0.131512413,-0.077536588,-0.162600715,0.005645844,0.066409008,0.092194286,0.180702542,0.2738498,-0.13773208,0.269309895,-0.292493022,1.8872E-05,-0.065598305,0.132976356,0.007813242,-0.212334241,-0.167299151,0.100166228,-0.056748798,-0.329537359,0.295191112,0.09322816,0.01229492,-0.136199738,-0.315593377,-0.366377107,-0.247407329,0.312808441,0.008580304,0.169533299,-0.210077109,-0.145443791,0.108666936,0.130641726,-0.246622162,-0.305800134,0.371207988,0.527226135,0.235784977,0.094520848,0.11534506,0.039031913,0.059742875,0.017217457,0.202466468,-0.213553448,0.527723695,0.089159468,-0.209048416,-0.177072432,0.060850673,0.066382121,0.193109818,-0.016581884,-0.079134431,0.025334756,0.168887421,1,,,,,,,,,,,,,,,,,,,,,,,,,,,,,,,,,,,,,,,,,,,,,,,,
Men who have comprehensive knowledge17 of HIV/AIDS (%),-0.214561281,0.319367222,0.277589614,0.325076249,0.252952718,-0.011806743,0.232782564,0.211825237,0.112956705,0.197278985,-0.144427054,0.433572667,0.244286576,0.231671893,0.318387289,0.197401684,0.152500164,0.156655235,-0.008805649,0.049981411,-0.243961498,0.03247324,0.135909622,-0.10850438,-0.54932861,-0.373129871,-0.375818008,-0.515335732,-0.052677656,0.194982178,-0.027118589,0.306677188,0.022987874,0.049933385,-0.238110337,-0.031826382,0.35352529,0.046290279,0.348420072,-0.121791845,-0.183092605,0.048693403,0.049131427,0.266224917,0.452859671,0.30918937,0.029300199,0.094324933,0.26473872,-0.293188167,0.247008893,-0.007044889,0.225457014,0.306324865,-0.372128244,-0.312467206,0.415540255,0.290976419,0.148046335,1,,,,,,,,,,,,,,,,,,,,,,,,,,,,,,,,,,,,,,,,,,,,,,,
Men who know that consistent condom use can reduce the chances of getting HIV/AIDS (%),-0.250416984,0.561530189,0.49822882,0.398261163,0.315878086,0.224516147,0.344524464,0.140547555,0.089655594,0.215222653,0.061078102,0.296908105,0.457468757,0.415992205,0.439064135,0.452172699,0.358946975,0.359949272,-0.018929312,0.050962558,-0.321024457,0.224554043,0.237456634,-0.047247692,-0.439165692,-0.457480641,-0.362157711,-0.376865984,-0.062718135,0.234273334,-0.04330483,0.384029255,0.361025262,0.331568706,0.086711751,0.271989027,0.440453965,0.306555492,0.261948023,-0.065346288,-0.044893949,0.182160122,0.066443299,0.344273944,0.29609258,0.349514527,0.233934387,0.122019743,0.24497792,-0.21333099,0.300940549,0.174927291,0.180301287,0.249777478,-0.370537983,-0.357384776,0.397210197,0.256103357,0.09717243,0.721054902,1,,,,,,,,,,,,,,,,,,,,,,,,,,,,,,,,,,,,,,,,,,,,,,
Men who tried to stop smoking or using tobacco in any other form (during the past 12 months) (%),-0.215471975,-0.027196807,0.02428955,-0.22904457,-0.065365336,-0.161961197,-0.030810953,-0.079065997,-0.185080284,-0.351432836,-0.061653108,-0.041916767,-0.312524365,-0.241625332,-0.254613767,-0.290547821,-0.185015004,-0.273590896,-0.239301277,0.180492651,-0.206785151,0.3976229,-0.270419613,0.201679789,-0.334997864,0.217568412,0.081360528,-0.212805775,-0.324812116,-0.407174333,0.149465933,-0.25582775,0.345541876,0.415106792,0.10293044,0.000508707,0.036231846,-0.367447432,-0.082470068,0.054666341,-0.011043483,-0.378009717,0.323423268,-0.161413131,-0.200485381,0.125003505,-0.146828592,-0.029851062,-0.152154775,0.34752873,-0.252471152,-0.272819779,-0.047562383,0.082092415,-0.147398777,0.047721549,-0.076359046,-0.267016867,-0.14710841,0.262453908,0.168333425,1,,,,,,,,,,,,,,,,,,,,,,,,,,,,,,,,,,,,,,,,,,,,,
Men who use any kind of tobacco (%),-0.258976342,-0.367976076,-0.452995173,-0.65427921,-0.63519605,-0.195634838,-0.477324734,-0.047603667,-0.199247561,-0.625170763,0.174668476,-0.651772501,-0.587396889,-0.659294199,-0.470184602,-0.579891708,-0.684425273,-0.742465401,-0.463248824,0.394677895,-0.443318631,0.317860593,-0.45455039,-0.164084167,-0.162834414,0.34929024,0.021453897,-0.232090415,0.136892689,-0.396515657,0.237964414,-0.724079616,0.035778085,0.352482201,0.055999029,-0.305691312,-0.359434175,-0.058393406,0.322439678,0.150296834,-0.217006043,-0.411978755,0.405247735,-0.62617376,-0.312947924,0.290995629,-0.374766089,-0.030177316,-0.410332658,0.39696802,-0.675949164,-0.081532756,-0.032323971,-0.225572331,0.18133442,0.341628358,-0.196476544,-0.635633034,0.287957496,-0.09964289,-0.228956731,0.272266436,1,,,,,,,,,,,,,,,,,,,,,,,,,,,,,,,,,,,,,,,,,,,,
Men whose Body Mass Index (BMI) is below normal (BMI < 18.5 kg/m2) (%),0.458281608,0.217195343,0.174799709,-0.185218174,-0.272076787,0.014415013,-0.426397718,-0.492319355,-0.386154221,-0.368214878,-0.589754738,-0.245086728,-0.297961062,-0.084118953,-0.326290121,-0.330689239,0.082812333,0.061118984,-0.197636748,0.119670326,0.4427536,-0.202982317,-0.160092382,0.300013848,0.280615754,0.695442408,0.842229066,0.501258807,-0.556349326,-0.345785506,0.007089056,-0.059607169,0.298200154,0.082055437,-0.047809022,-0.120927474,0.142021779,-0.210315624,-0.392157416,0.423680395,0.329190478,-0.206639552,0.33010197,-0.373397062,-0.727564179,-0.176229682,-0.000540557,-0.035250153,-0.522053593,0.571645108,-0.190557275,-0.184683556,-0.418440004,-0.08144429,0.465695351,0.570739976,-0.598208554,-0.579448462,-0.294779815,-0.184819516,-0.103956283,0.303991423,0.120330558,1,,,,,,,,,,,,,,,,,,,,,,,,,,,,,,,,,,,,,,,,,,,
Moderately high (Systolic 160-179 mm of Hg and/or Diastolic 100-109 mm of Hg) (%),-0.454237572,-0.057227662,-0.019961694,-0.234256459,-0.023840373,0.031544359,0.117515489,0.015438566,-0.026575644,-0.211281114,0.295182135,-0.238366101,-0.208072783,-0.267370705,-0.050371696,-0.242169774,-0.386746406,-0.343362123,-0.068335996,0.109830685,-0.47602309,0.436468303,-0.083506837,-0.010254945,-0.34223277,-0.278521167,-0.497221522,-0.427677525,0.332624121,0.044879145,0.034334509,-0.256194108,-0.220476639,0.043150849,0.037525341,-0.332860526,-0.129512014,0.088426895,0.595865097,-0.276895958,-0.277677279,-0.076346604,0.149454317,0.04354425,0.258800011,0.226330878,-0.077899173,0.126933656,0.191894387,-0.142844724,-0.271859918,-0.048319616,0.394639091,0.408150036,-0.35487326,-0.2830274,0.099667363,0.170365077,0.452508207,0.254369701,0.126625476,0.166167398,0.245479261,-0.388599669,1,,,,,,,,,,,,,,,,,,,,,,,,,,,,,,,,,,,,,,,,,,
Mothers who consumed iron folic acid for 100 days or more when they were pregnant (%),-0.039237233,0.086672922,0.185682296,0.778346459,0.701700371,0.13395849,0.619809027,0.579329446,0.636410728,0.619830996,0.244748588,0.623758235,0.630566782,0.611897074,0.619212552,0.613807538,0.538051811,0.587429912,0.37309669,-0.274422025,-0.092410967,-0.016461542,0.574138871,0.165251062,-0.20051567,-0.564741271,-0.389393929,-0.13978065,0.391207731,0.728043356,0.001123946,0.644761353,-0.185279009,-0.215143457,-0.051014742,0.257463938,-0.014502846,0.135934696,0.020382036,-0.244600739,0.012707488,0.538205083,-0.577964149,0.590582319,0.555791371,-0.163626664,0.115055667,0.149135921,0.59262999,-0.56626511,0.775949339,0.312804229,-0.05335388,0.152856689,-0.306284154,-0.565519397,0.595369482,0.740884888,0.017061742,0.274930107,0.243045465,-0.202807209,-0.568243309,-0.477613464,-0.032327937,1,,,,,,,,,,,,,,,,,,,,,,,,,,,,,,,,,,,,,,,,,
Mothers who had antenatal check-up in the first trimester (%),-0.053456648,0.267763178,0.295653129,0.809676832,0.737400449,0.304871251,0.630330442,0.410605838,0.455395902,0.575510854,0.115753894,0.655052998,0.664052488,0.668980308,0.577164138,0.640696225,0.634615671,0.658814514,0.382809638,-0.286961466,-0.032853373,-0.111277625,0.591849865,0.075757512,-0.125962003,-0.574536975,-0.315568648,-0.077453358,0.268976351,0.606720099,0.210842549,0.62074095,-0.070251823,-0.20450403,-0.12918962,0.385659409,0.032303273,0.021677722,0.036642066,-0.192319157,-0.022427816,0.372600704,-0.521544893,0.469945098,0.433538901,-0.048704584,0.022350557,0.186012112,0.597605153,-0.455122154,0.816658772,0.230308212,-0.12521502,0.217812152,-0.333160944,-0.428777378,0.575827185,0.615606515,-0.056835411,0.39973904,0.364326834,-0.199772241,-0.576910937,-0.342017865,-0.18127328,0.806618658,1,,,,,,,,,,,,,,,,,,,,,,,,,,,,,,,,,,,,,,,,
Mothers who had at least 4 antenatal care visits (%),0.045685904,0.294761876,0.324373044,0.815975688,0.732684594,0.311704993,0.701383698,0.539405684,0.639681163,0.490319998,0.253920458,0.487703496,0.646669104,0.637194023,0.617190917,0.645608209,0.530971437,0.605679248,0.343556852,-0.22505146,-0.091960291,-0.025218501,0.666334406,0.199576073,-0.112635241,-0.632757564,-0.383735935,-0.067080244,0.381078921,0.75700855,0.169671596,0.535624805,-0.066273936,-0.111384377,-0.060504581,0.256489111,-0.01500799,0.189486736,0.104565552,-0.196627885,0.075653396,0.418913711,-0.572057727,0.556673388,0.417539926,-0.16413362,0.079186283,0.212725147,0.648617524,-0.616821595,0.808095633,0.41749287,-0.080966639,0.11694123,-0.176561079,-0.508076447,0.489727587,0.704516571,0.041106714,0.22360961,0.287956015,-0.267971726,-0.470347621,-0.409128086,-0.082439356,0.841693796,0.851396502,1,,,,,,,,,,,,,,,,,,,,,,,,,,,,,,,,,,,,,,,
Mothers who had full antenatal care (%),-0.077696874,0.047492161,0.140469448,0.768649287,0.724669719,0.122366555,0.659889446,0.630030563,0.695028565,0.666836894,0.269045746,0.656969908,0.647547596,0.611663035,0.63603169,0.637074605,0.520656209,0.571335657,0.430334268,-0.328452603,-0.134068536,-0.035301017,0.575872951,0.08205724,-0.190542524,-0.626260644,-0.422515876,-0.143378678,0.413103734,0.693146474,0.027297221,0.646075583,-0.219471382,-0.238715499,-0.101444188,0.25183659,-0.035031957,0.128990967,0.086060482,-0.262915825,-0.015149002,0.53604053,-0.567128803,0.607424593,0.572622003,-0.111081012,0.10468613,0.103780184,0.596654038,-0.641572931,0.764407576,0.282909504,-0.05602746,0.103968244,-0.34640833,-0.593146912,0.613653141,0.773270525,0.022631933,0.290441444,0.250795991,-0.203265644,-0.565499813,-0.496452809,-0.040638728,0.978671223,0.828625013,0.876423377,1,,,,,,,,,,,,,,,,,,,,,,,,,,,,,,,,,,,,,,
Mothers who received financial assistance under Janani Suraksha Yojana (JSY) for births delivered in an institution (%),-0.236772901,-0.008805635,-0.10302586,-0.330367714,-0.430221936,0.146627903,-0.378626193,-0.263901853,-0.358135096,-0.401835297,0.074182758,-0.387604288,-0.150108507,-0.159145441,-0.121275145,-0.195944516,-0.106851895,-0.167990929,-0.448693544,0.36660847,-0.260875259,0.201834301,-0.267078041,-0.02814432,-0.038403379,0.427810351,0.259010375,-0.022421168,-0.052695054,-0.440059058,0.157556128,-0.219293499,0.23531806,0.29325099,0.205752955,0.015538765,-0.129508806,-0.018343507,-0.052707261,0.162729673,-0.087854579,-0.194674847,0.342585335,-0.614606532,-0.535512576,0.144906081,0.003686968,0.031077138,-0.55175558,0.672168258,-0.359722913,0.116375659,-0.213919747,-0.08400159,0.123978821,0.293678848,-0.339959505,-0.644869712,-0.035272466,-0.178329908,0.029585905,0.211811331,0.451363125,0.365753956,-0.047434626,-0.490134822,-0.360338936,-0.508000944,-0.54888511,1,,,,,,,,,,,,,,,,,,,,,,,,,,,,,,,,,,,,,
Mothers who received postnatal care from a doctor/nurse/LHV/ANM/midwife/other health personnel within 2 days of delivery (%),0.105433978,0.448160157,0.446450298,0.914072554,0.724746195,0.283337027,0.603294048,0.3732495,0.460372948,0.625627099,-0.003783481,0.715321258,0.752898225,0.777276234,0.7181542,0.722030891,0.721913135,0.773464233,0.293910266,-0.216511237,0.071441104,-0.222070066,0.626776954,0.14290565,-0.161812549,-0.527390244,-0.244424529,-0.068879197,0.144054545,0.673189756,-0.018459194,0.794300861,-0.044534986,-0.222636202,-0.165109012,0.304393443,0.262803157,0.179327015,-0.004183176,-0.196636135,0.038471782,0.511532123,-0.539662596,0.549492874,0.419946678,-0.135788091,0.25680241,0.114566291,0.51560818,-0.513131222,0.889970243,0.404642945,-0.081181368,0.238357168,-0.236872781,-0.495525894,0.488539747,0.671589881,-0.122735304,0.472853603,0.497714037,-0.220960973,-0.687033013,-0.244257868,-0.180813713,0.819066629,0.889732982,0.83094338,0.821430123,-0.354898367,1,,,,,,,,,,,,,,,,,,,,,,,,,,,,,,,,,,,,
Mothers whose last birth was protected against neonatal tetanus (%),0.18911264,0.441114832,0.359916402,0.562484374,0.248874664,0.241847142,0.103155788,0.202543333,0.181953081,0.157043401,-0.234029623,0.260792545,0.517836472,0.650680728,0.495024557,0.473337325,0.695840275,0.655953054,-0.18464957,0.205961618,0.181839717,-0.230052729,0.394842296,-0.009677909,-0.080039249,0.050337933,0.210437125,0.081999564,-0.176520424,0.284689616,0.160887109,0.446761875,0.118141094,-0.12847359,-0.314390151,0.203445285,0.310066298,-0.000530568,-0.09122409,-0.080837711,-0.094134547,0.194828201,0.015326719,-0.027732538,0.03907734,0.025322816,0.162184202,-0.058062068,-0.002981264,-0.011910761,0.460796979,0.297743846,-0.208224208,0.288603515,0.138542969,0.001043199,0.06924043,0.08759543,-0.1897209,0.454149236,0.414117578,-0.122416027,-0.251650384,0.203208301,-0.305647662,0.274423683,0.483821342,0.346303088,0.274270105,0.062530822,0.579305806,1,,,,,,,,,,,,,,,,,,,,,,,,,,,,,,,,,,,
Non-breastfeeding children age 6-23 months receiving an adequate diet (%),-0.185821294,0.023909901,0.116401015,0.0479444,0.287250819,0.132526823,0.458087917,0.099402718,0.210045602,0.123232988,0.66905319,-0.063959529,0.201311217,0.078911114,0.189852076,0.250622291,0.017326392,-0.000786191,0.178406194,-0.14496641,-0.383306941,0.54544817,0.109708745,0.098903502,-0.018125155,-0.332483009,-0.341296522,-0.059134399,0.334648029,0.08207958,-0.08878695,0.047377764,0.296849878,0.455942253,0.678937101,0.155583623,-0.285120667,0.358790272,0.072162121,0.139174633,0.184325263,0.227983294,-0.155318702,0.247867177,0.045412093,-0.088431963,0.011320728,0.186117823,0.158794792,-0.324223839,0.035745291,0.103735289,0.018183047,-0.274940146,-0.182663799,-0.293340123,0.07486978,0.241717362,0.162784809,-0.295276319,0.145210039,-0.092912795,-0.125719521,-0.346575353,0.127019897,0.210642416,0.003529334,0.245151639,0.239091928,-0.063648925,0.020403072,-0.448985293,1,,,,,,,,,,,,,,,,,,,,,,,,,,,,,,,,,,
Non-pregnant women age 15-49 years who are anaemic (<12.0 g/dl) (%),0.999860804,0.381194689,0.376755808,0.168551006,0.017138986,-0.062374878,-0.145949454,-0.237996441,-0.014669911,-0.131777116,-0.471114097,-0.014800102,0.065216824,0.261206792,0.041380075,0.057700592,0.277724817,0.32385085,-0.087719632,0.102431243,0.790176536,-0.427903224,0.142227356,0.311122041,0.362697889,0.325947002,0.558203541,0.485466121,-0.517737209,0.125906692,-0.190779019,0.165049938,0.084295048,-0.137258796,-0.060535889,-0.127646047,0.241130725,0.029826056,-0.439658291,0.334069278,0.45418714,0.15950509,-0.130399799,0.044185227,-0.316286441,-0.427343471,0.142533467,0.060115323,-0.09823934,0.010862149,0.198333319,0.146150153,-0.200231879,0.008823279,0.757169143,0.320009122,-0.48997,0.066318006,-0.141870256,-0.2177083,-0.250927841,-0.222892644,-0.266455527,0.450779207,-0.456402818,-0.031403024,-0.046318888,0.05270189,-0.069932378,-0.240777706,0.110965304,0.187704437,-0.178357178,1,,,,,,,,,,,,,,,,,,,,,,,,,,,,,,,,,
Oral cavity (%),-0.274480187,-0.063372328,-0.08784862,0.437257306,0.389942079,0.054617536,0.419439064,0.412367654,0.285907909,0.783228635,0.18644761,0.783103776,0.5241919,0.41269381,0.496156971,0.513755024,0.317577885,0.344586676,0.240883052,-0.176041009,-0.120537232,-0.285700405,0.282328803,-0.396789595,-0.262816741,-0.576672098,-0.542444378,-0.388172925,0.241951594,0.432246779,-0.223270642,0.607160986,-0.367517883,-0.390311223,-0.319912621,0.155181769,0.325296286,0.073354268,0.262147417,-0.635964791,-0.455752249,0.346777583,-0.426500798,0.403872758,0.768321081,0.223674173,0.302144523,-0.21709519,0.468533937,-0.585753289,0.433317798,0.170205648,0.247669776,0.189478613,-0.504519763,-0.656845369,0.649692073,0.508497726,-0.153114036,0.430849522,0.266077153,-0.18395811,-0.479183111,-0.571056225,0.027840697,0.587425769,0.567337521,0.463734547,0.631988933,-0.371220101,0.599728219,0.240430372,-0.035170698,-0.270604153,1,,,,,,,,,,,,,,,,,,,,,,,,,,,,,,,,
Pill (%),-0.114467602,0.100020952,-0.117795386,-0.265145116,-0.228699419,0.357821215,-0.084751373,0.010690754,-0.072365378,-0.398405958,0.173651229,-0.494513348,-0.166698231,-0.252554312,-0.107957319,-0.202299881,-0.368286068,-0.311678029,-0.378433782,0.369096645,-0.336481792,0.103002541,-0.083268477,-0.161936003,-0.228504388,-0.024633481,-0.190473386,-0.282491659,0.269803466,0.069251811,0.087260919,-0.367979786,0.025566031,0.17289394,0.062521363,-0.16774932,-0.132168419,0.105756707,0.312509724,-0.043906528,-0.257071013,-0.309458626,0.04574084,-0.342333765,-0.028887553,0.310195524,-0.04672278,0.160882318,-0.185209607,0.09569585,-0.284642536,0.192602092,0.051095034,-0.030939305,0.195598902,0.033177799,-0.1116466,-0.318528374,0.290569703,-0.05884385,0.020288043,-0.312976621,0.57951608,-0.092476271,0.229502141,-0.315675213,-0.243108739,-0.091959827,-0.339468588,0.329209208,-0.266727365,0.044671622,-0.066606359,-0.11664769,-0.255545128,1,,,,,,,,,,,,,,,,,,,,,,,,,,,,,,,
Population (female) age 6 years and above who ever attended school (%),-0.336816823,-0.156539147,-0.200686593,0.238280909,0.200867165,-0.067188108,0.323977205,0.613281415,0.498741175,0.51564367,0.38269714,0.413741265,0.317700152,0.135980932,0.357362263,0.317894731,-0.050104414,0.034047782,0.288975487,-0.22871028,-0.456003596,0.01038935,0.149748001,-0.383495065,-0.339615643,-0.669516709,-0.695230594,-0.474637159,0.524903559,0.602303549,-0.241708119,0.285294161,-0.345465896,-0.188267925,-0.165046937,0.022930061,0.061881651,0.220451023,0.566471672,-0.48414922,-0.338046177,0.249549722,-0.381401558,0.404496667,0.785550428,0.359287716,0.093184167,-0.089945378,0.515329594,-0.637328883,0.249649968,0.162987744,0.308670263,-0.041061306,-0.422830122,-0.705708133,0.786289416,0.458169513,0.215857702,0.259750926,0.190858607,-0.287007807,-0.052633107,-0.650047498,0.152683021,0.580437156,0.394011542,0.501492115,0.604244076,-0.415582236,0.355513578,-0.027534869,0.153784094,-0.332596511,0.576869518,0.144261084,1,,,,,,,,,,,,,,,,,,,,,,,,,,,,,,
Population below age 15 years (%),-0.035124749,-0.482572639,-0.485671582,-0.759211445,-0.67393429,-0.267325658,-0.603768248,-0.493673124,-0.54944946,-0.542580165,-0.02375515,-0.572404137,-0.582733189,-0.561420728,-0.524418403,-0.571264383,-0.451476194,-0.570325502,-0.455438258,0.332363417,-0.052985146,0.160206497,-0.577195343,-0.131987516,0.03710086,0.767743764,0.403408981,0.021255943,-0.204289794,-0.769116169,0.016316844,-0.594989407,0.095297883,0.259495417,0.22778724,-0.31560162,-0.1997756,-0.128018306,-0.13635443,0.343236948,-0.103636465,-0.35933938,0.571031338,-0.645958056,-0.571351959,0.051165984,-0.30443775,-0.206895209,-0.750800927,0.618994286,-0.795717736,-0.298003103,-0.094064004,-0.256200339,0.293073288,0.578214932,-0.517444757,-0.76326254,-0.016864833,-0.302162705,-0.387056119,0.263863454,0.628690723,0.387253197,-0.020929098,-0.70947369,-0.760625328,-0.810164245,-0.724628736,0.521551922,-0.766935748,-0.274060615,-0.091523389,-0.040475858,-0.495906854,0.129756479,-0.500494899,1,,,,,,,,,,,,,,,,,,,,,,,,,,,,,
Pregnant women age 15-49 years who are anaemic (<11.0 g/dl) (%),0.409349804,0.125550826,0.150400469,-0.103057252,-0.155286101,-0.033281097,-0.245188233,-0.158133721,-0.112742408,-0.450089707,-0.222236041,-0.432932751,-0.29555191,-0.116619159,-0.271550891,-0.220215911,0.04735435,-0.082199043,-0.439757803,0.400983166,0.283055585,0.067124393,-0.03818987,0.393811819,0.248536293,0.568498567,0.59460392,0.439306602,-0.40311334,-0.186354165,0.443784287,-0.249855348,0.51078478,0.381492253,0.172168997,0.129638986,-0.171569978,-0.159616887,-0.493239255,0.275436758,0.085649127,-0.125259517,0.219015029,-0.482502854,-0.51246318,-0.371365882,-0.121799793,0.043991906,-0.360461756,0.433300952,-0.165316891,-0.028003151,-0.423287898,-0.13786845,0.600920253,0.55684172,-0.488920421,-0.433292683,-0.175402628,-0.249864124,-0.234462733,0.194933749,0.245515594,0.442463722,-0.225643197,-0.268802643,-0.291013854,-0.180586029,-0.303649882,0.090364597,-0.234289288,0.210212214,-0.129746517,0.405777198,-0.473167268,0.054112661,-0.530203951,0.376628899,1,,,,,,,,,,,,,,,,,,,,,,,,,,,,
Prevalence of diarrhoea (reported) in the last 2 weeks preceding the survey (%),0.094601852,0.067782716,0.097460845,-0.250232922,-0.199430695,-0.131531518,-0.239936053,-0.290520411,-0.275311011,-0.248244198,-0.069244198,-0.188485448,-0.132194898,-0.067318522,-0.167416189,-0.099658472,0.059444862,-0.048580101,-0.258190627,0.101594079,0.117755126,0.22206255,-0.294010195,0.132638379,0.039866001,0.436842629,0.337045444,0.143087823,-0.43877434,-0.415108591,-0.134256127,-0.141131243,0.537369417,0.462725485,0.479685124,0.219779797,0.199841599,-0.001194153,-0.329234733,0.28379298,0.088832861,-0.068121929,0.185385999,-0.129917907,-0.360550273,-0.029166739,0.054511722,-0.009127055,-0.312680164,0.474621015,-0.25235928,-0.171263581,-0.179272913,-0.144277525,0.13849116,0.267535841,-0.19450929,-0.351138086,-0.192941106,-0.133176979,0.115908553,0.428653943,0.078549204,0.380726419,-0.270353085,-0.272070183,-0.313141492,-0.390056893,-0.327040711,0.33128741,-0.218025577,-0.05505843,0.117811894,0.093446817,-0.391534091,-0.201828656,-0.35973297,0.421150305,0.323931038,1,,,,,,,,,,,,,,,,,,,,,,,,,,,
Prevalence of symptoms of acute respiratory infection (ARI) in the last 2 weeks preceding the survey (%),0.190962398,0.148842015,0.061249567,-0.275753825,-0.179464592,0.072504301,-0.089496099,-0.394130979,-0.393751953,-0.134299328,0.121579927,-0.155449251,0.017564618,0.016360517,-0.022457501,0.057637999,0.054822597,-0.028297821,-0.331341132,0.20566766,0.087820836,0.105184779,-0.256059958,-0.051875497,-0.007128659,0.314452337,0.117203243,-0.057705773,-0.370490404,-0.297761595,-0.293226675,-0.082866496,0.444872264,0.434115082,0.493994891,0.083176689,0.371812733,0.240063668,-0.075418141,0.121658987,-0.080674334,-0.056309888,0.1424437,-0.129788593,-0.228910172,0.068412983,0.034984084,-0.13773633,-0.202810105,0.210936186,-0.310052317,-0.010715582,0.060843627,-0.167328308,0.243380187,0.081804131,-0.234414461,-0.378456864,-0.156048219,-0.158750815,0.106736581,0.081310604,0.107291615,0.157481438,-0.249739102,-0.33753891,-0.300382994,-0.253701685,-0.362572708,0.250575637,-0.155730827,-0.044603131,0.219845642,0.190248903,-0.133152231,0.113307889,-0.21351931,0.404674344,0.260791663,0.652453915,1,,,,,,,,,,,,,,,,,,,,,,,,,,
Registered pregnancies for which the mother received Mother and Child Protection (MCP) card (%),0.336062957,0.41697517,0.484566893,0.33845711,0.11067813,0.029211675,-0.000899498,0.03707182,0.131912297,0.224926372,-0.101895354,0.161234885,0.261841607,0.293501732,0.243579445,0.204824589,0.217408083,0.350361591,-0.012896115,0.066612187,0.296525952,-0.211456435,0.500635408,0.179946991,0.234784197,-0.070789077,0.118525603,0.283264687,-0.034006428,0.544216628,-0.199384906,0.369729946,0.08068218,-0.059317094,0.104222236,0.216267171,0.201150581,0.226856812,-0.127771664,-0.409980237,-0.070906072,0.475928095,-0.453587421,0.190786568,0.191505379,-0.133399895,0.69422673,0.239137188,0.221014586,-0.054125558,0.37229465,0.400301413,-0.097318306,0.216405225,0.246831759,-0.152985294,-0.07675921,0.245898618,-0.112120756,-0.087873503,0.035401071,-0.258080955,-0.321189696,-0.022571666,0.008430448,0.29575812,0.116312183,0.219339074,0.219735421,-0.015972736,0.301195799,0.162063467,0.037501151,0.3388811,0.16729866,0.081303188,0.018417487,-0.296842175,0.1006017,-0.003204424,0.050652517,1,,,,,,,,,,,,,,,,,,,,,,,,,
"Sex ratio at birth for children born in the last five years (females per 1,000 males)",-0.039734035,-0.264087865,-0.321194553,-0.213430199,-0.090523088,0.131808083,-0.037867836,0.104953162,0.135643331,0.134823222,0.101462342,0.134187558,-0.130828603,-0.11700751,-0.036754497,-0.160794573,-0.162023977,-0.142612399,0.131848303,-0.1288365,-0.229248283,-0.122189847,-0.103118439,0.068709429,-0.016335188,0.03316479,0.02811746,-0.100278056,0.292839435,-0.032444083,-0.00759409,0.112412963,-0.204513979,-0.119493525,-0.118730633,-0.326203422,-0.244391835,-0.02443557,0.325711138,0.095922291,-0.06944561,-0.116229495,0.008913861,-0.286085736,-0.134848687,-0.129976432,-0.232542614,0.219337853,-0.084952173,-0.146220407,-0.209615942,-0.21993352,-0.344716991,-0.335618309,0.028650268,-0.113387828,0.023191195,-0.289499832,0.158465905,-0.057545581,-0.206703427,-0.107794625,0.260182333,0.123912079,-0.119690661,-0.051033136,-0.035062411,0.022948926,-0.005966907,0.101771279,-0.076157855,-0.092011624,0.022036933,-0.042662369,0.078341801,0.132896594,0.217882351,0.144588595,-0.09568863,-0.224890246,-0.005114597,-0.198889525,1,,,,,,,,,,,,,,,,,,,,,,,,
"Sex ratio of the total population (females per 1,000 males)",-0.300819328,-0.036579782,-0.074926544,0.02931633,0.186039668,0.291135166,0.247347996,0.234149495,0.195399097,-0.100161625,0.422941373,-0.107610277,0.217243859,0.216924973,0.308855921,0.234747976,0.213133023,0.082631921,-0.339768126,0.313564385,-0.516852325,0.448698896,-0.005499034,0.023131176,-0.402044838,-0.012603303,-0.082490993,-0.244208994,0.192636877,-0.133209511,0.173387547,0.161791274,0.266620213,0.356343432,0.315158897,0.082202815,-0.303267211,-0.019932578,0.183203562,0.079611717,-0.228683884,0.067687334,0.106668362,-0.363979344,-0.095356294,0.109554201,-0.06485281,0.229555429,-0.252392774,-0.043752287,-0.086853566,0.047614901,-0.439393424,0.017191365,-0.175272495,-0.244122491,0.109708389,-0.154446745,0.187290066,0.172205836,0.314935232,0.226985407,0.156060109,0.022203123,0.167519544,0.131903997,0.055964605,0.051637341,0.140428683,0.296298921,0.09922447,0.202617152,0.318760217,-0.301008945,-0.001529448,0.071719747,0.011903079,0.165244947,0.181939321,0.207577237,0.071413038,-0.080486641,0.252573854,1,,,,,,,,,,,,,,,,,,,,,,,
Slightly above normal (Systolic 140-159 mm of Hg and/or Diastolic 90-99 mm of Hg) (%),-0.283606783,0.087336163,0.052052711,-0.080968121,-0.003439944,-0.02378138,0.156582952,0.032943999,-0.045918791,-0.172488385,0.266072704,-0.252025493,-0.075071445,-0.152244616,0.04115621,-0.052358685,-0.251570753,-0.257749291,-0.188297433,0.231328349,-0.345021415,0.295906137,-0.073643257,-0.239013047,-0.305665511,-0.354061468,-0.547289042,-0.418768023,0.139100854,0.149887738,0.120720524,-0.190078369,-0.121216497,0.078625651,-0.028012638,-0.201557351,0.027438383,0.161490976,0.530737061,-0.339688544,-0.310396012,-0.016474432,0.080388168,0.025976402,0.37726263,0.29622484,-0.021757074,-0.080939579,0.234695207,-0.225643748,-0.141428367,0.132709135,0.454908606,0.42487877,-0.243110242,-0.231323072,0.187727429,0.22465911,0.364614732,0.306911907,0.180535736,-0.004097477,0.179914604,-0.466056334,0.810664519,-0.01545339,-0.045847602,0.039735181,-0.00386902,-0.187564662,-0.05585593,-0.113421707,0.069698832,-0.283990738,0.158225583,0.256750646,0.188605302,-0.111815821,-0.068391806,-0.367210482,-0.156324957,-0.040687345,-0.276517657,0.084092257,1,,,,,,,,,,,,,,,,,,,,,,
Total children age 6-23 months receiving an adequate diet (%),-0.409502162,-0.15331003,-0.089444329,0.031791632,0.261873593,0.205036924,0.475398315,0.257495634,0.2322633,0.078741498,0.964681776,-0.082719001,0.324822835,0.162860272,0.337901934,0.366661405,0.073965371,0.015662521,0.038319509,-0.005098234,-0.567442039,0.658901027,0.126056059,-0.073939618,-0.241690094,-0.36683128,-0.551055969,-0.32107241,0.515704777,0.124356224,-0.027042352,-0.04384181,0.103020566,0.320562261,0.516702019,0.174493775,-0.381385791,0.287550461,0.309248058,-0.064527795,-0.120075842,0.150098904,-0.132514774,0.068567087,0.225272099,0.127605482,-0.082653234,0.164062557,0.209225934,-0.322079653,-0.001867229,0.16195276,0.129187218,0.018226476,-0.288497342,-0.372954225,0.264463901,0.210315023,0.272181786,-0.220639423,0.088021524,-0.117032719,0.051109511,-0.574520157,0.274167262,0.293113944,0.118087866,0.297170357,0.308169517,0.028497999,0.042298072,-0.30893926,0.813017026,-0.401681381,0.129698648,0.102822522,0.351529159,-0.091289068,-0.223308055,-0.029599284,0.127660476,-0.04138662,0.042914735,0.415872147,0.234065536,1,,,,,,,,,,,,,,,,,,,,,
Total fertility rate (children per woman),-0.046704574,-0.530987031,-0.530295805,-0.711639028,-0.597041081,-0.261754295,-0.550529012,-0.430778601,-0.480517515,-0.428949062,-0.042122495,-0.407744992,-0.536078389,-0.510196605,-0.480745646,-0.519905352,-0.390688814,-0.520061933,-0.337120221,0.222268484,-0.088136604,0.127536137,-0.569575547,-0.075872874,0.006159296,0.728500697,0.423026029,0.017715242,-0.156228872,-0.744742283,0.023696736,-0.490092606,0.078221035,0.218559285,0.172992708,-0.275923163,-0.245652645,-0.210778322,-0.166554768,0.395631118,-0.033827984,-0.367420526,0.592021625,-0.640301433,-0.566852247,-0.021793071,-0.390748462,-0.240518507,-0.719846845,0.565135821,-0.743092849,-0.410459874,-0.172162709,-0.363183916,0.237248795,0.498715043,-0.421004404,-0.753749905,-0.112073809,-0.265945727,-0.373652673,0.310298216,0.554108188,0.417557157,-0.132858273,-0.617153672,-0.655184224,-0.738732994,-0.620843927,0.462776978,-0.676520809,-0.266724797,-0.084279643,-0.051874158,-0.443691416,-0.006615561,-0.424777899,0.944073512,0.330299345,0.405731862,0.347464448,-0.428246288,0.300044632,0.209863473,-0.255517504,-0.107707781,1,,,,,,,,,,,,,,,,,,,,
Total unmet need (%),-0.416454856,-0.891814226,-0.874563102,-0.491352202,-0.449286832,-0.334792317,-0.326504098,0.084593143,-0.068910926,-0.141809995,0.24271165,-0.260301641,-0.355214861,-0.459379518,-0.309146244,-0.313129481,-0.445688734,-0.516042353,-0.046038076,-0.011470593,-0.271953029,0.076669856,-0.448215661,-0.417540452,-0.075620192,0.164434725,-0.184550169,-0.249668442,0.315404475,-0.422567035,0.139379948,-0.497246709,-0.503397032,-0.217191788,-0.262441711,-0.29393916,-0.295762733,-0.134706568,0.237314036,-0.073336053,-0.351031012,-0.276424447,0.225590358,-0.264835651,-0.012639986,0.221333468,-0.399097366,-0.373375926,-0.282447546,0.134302353,-0.476357465,-0.192927531,0.136161929,-0.108647222,-0.176711557,0.128271936,0.190377026,-0.214245943,0.162810281,-0.222129032,-0.456028734,0.086225274,0.499212702,-0.231256229,0.144165103,-0.200803581,-0.297013416,-0.321008677,-0.161341093,0.054485782,-0.496304437,-0.354913715,-0.146567033,-0.417448479,-0.000989965,0.03842903,0.181037156,0.473812399,-0.135768582,-0.064874012,-0.130157135,-0.542028287,0.163568547,-0.014519012,0.078099046,0.124820397,0.482390532,1,,,,,,,,,,,,,,,,,,,
Under-five mortality rate (U5MR),0.03514465,-0.099244286,-0.102353298,-0.478187318,-0.548556063,-0.091179572,-0.624578729,-0.467743293,-0.532657378,-0.582381156,-0.28327539,-0.545131619,-0.498858904,-0.408319523,-0.519013271,-0.482671897,-0.211586468,-0.301896421,-0.408485083,0.267778161,0.145399385,0.081169322,-0.321319904,0.16702839,0.157178922,0.764016625,0.595804913,0.255392013,-0.383078358,-0.529632765,0.289769344,-0.453224321,0.314474809,0.245706853,0.124081868,0.040455318,-0.090453581,-0.23485551,-0.419594715,0.29454853,0.09737472,-0.361936251,0.482898141,-0.590127739,-0.662750459,-0.097336623,-0.0946377,-0.043776212,-0.601703601,0.988991768,-0.479922499,-0.208313555,-0.205899361,-0.063213205,0.374915827,0.69989925,-0.527453966,-0.74007473,-0.221323404,-0.317301448,-0.250174355,0.36948481,0.437806576,0.592483352,-0.163727067,-0.605111161,-0.516838072,-0.654974688,-0.679657122,0.658953346,-0.564824834,-0.040507625,-0.319602855,0.030783877,-0.603104818,0.100108051,-0.653999624,0.669135451,0.491629047,0.502089998,0.247961379,-0.066627431,-0.128886703,-0.045650982,-0.245914741,-0.327573112,0.605793193,0.152461532,1,,,,,,,,,,,,,,,,,,
Unmet need for spacing (%),-0.374026908,-0.915743302,-0.856242412,-0.428032794,-0.297346514,-0.315309402,-0.202246622,0.185377246,0.046215737,0.03025003,0.346126037,-0.088846636,-0.291891216,-0.435790478,-0.238252043,-0.275178635,-0.46327044,-0.511435159,0.038977694,-0.06328324,-0.297081733,0.042223079,-0.329594542,-0.352271789,-0.044953971,0.088796063,-0.21933358,-0.226571994,0.43873391,-0.280004057,0.082083317,-0.35697568,-0.514553335,-0.205614236,-0.093527941,-0.226533461,-0.480053487,-0.195562278,0.216039189,-0.101193975,-0.346455947,-0.134504081,0.023181751,-0.236669871,0.110366708,0.131474861,-0.389643783,-0.206332849,-0.141695467,-0.020466067,-0.385384983,-0.211135716,0.024225125,-0.273862295,-0.178201171,0.00727613,0.203192205,-0.138687399,0.156621123,-0.242918196,-0.585556325,-0.034431495,0.423269012,-0.39540719,0.102678523,-0.021591205,-0.176247139,-0.195800305,0.010509519,-0.035898715,-0.395485966,-0.444973561,-0.007195083,-0.372532897,0.140236971,0.007823679,0.287998075,0.415148634,-0.167913951,-0.159586283,-0.11936227,-0.342039753,0.301053443,-0.004672663,0.008583666,0.238840347,0.439366341,0.860771352,0.002906248,1,,,,,,,,,,,,,,,,,
Very high (Systolic 180 mm of Hg and/or Diastolic 110 mm of Hg) (%),-0.236764863,-0.116393148,-0.05906999,-0.152171993,0.124569671,0.004726083,0.248136237,0.136791675,0.117993301,-0.291384119,0.417734218,-0.315849472,-0.097042325,-0.150611006,0.025554745,-0.08829639,-0.244225882,-0.258009706,-0.117367618,0.153468244,-0.294698072,0.464912953,-0.027254129,-0.025989691,-0.199736433,-0.213854785,-0.378163395,-0.234813524,0.199309772,-0.068774292,0.251269329,-0.333959718,-0.086908993,0.12159449,0.086948568,-0.109896707,-0.344362338,-0.041274485,0.279086927,-0.131660644,-0.173381817,-0.080439212,0.010591267,-0.071277039,0.135245278,0.212219834,-0.153483599,0.122717579,0.093823805,-0.134055949,-0.165697629,0.035824781,0.22954077,0.372581366,-0.095334191,-0.097199903,-0.08916237,0.219645876,0.437353458,-0.008424148,-0.164370403,0.148820688,0.214144292,-0.406878345,0.704217177,-0.001635263,-0.090927071,0.024117589,0.020695501,-0.11231952,-0.195198555,-0.247058054,0.166906548,-0.235400236,-0.0480873,0.148875053,-0.014689345,-0.017238179,0.037126024,-0.261873974,-0.266045012,-0.025728262,-0.338460705,0.102303422,0.726801612,0.374810731,-0.184290691,0.19522799,-0.132412759,0.199283817,1,,,,,,,,,,,,,,,,
Women age 15-19 years who were already mothers or pregnant at the time of the survey (%),0.241891218,0.062306438,-0.007750674,-0.302211188,-0.12747116,0.291135165,-0.15898789,-0.171597047,-0.084269277,-0.539479459,-0.122308877,-0.584006583,-0.38513841,-0.310428121,-0.331211647,-0.400281538,-0.293360447,-0.3035427,-0.20029303,0.218257614,0.020337234,0.057815823,-0.036168814,0.286116707,0.124437384,0.318090339,0.354799682,0.212070999,0.006555686,-0.19610763,0.318447308,-0.448164823,0.193297638,0.210338666,0.124382664,-0.188845905,-0.467021862,-0.175689804,-0.083772903,0.489289875,0.244930387,-0.398544819,0.282531085,-0.462268922,-0.506895924,-0.156586462,-0.29813131,0.324206093,-0.418448686,0.221452916,-0.319692689,-0.177927111,-0.373534559,-0.248756926,0.482938896,0.49313557,-0.555697943,-0.42905039,0.233527679,-0.187148841,-0.213320309,-0.16308031,0.474093869,0.327380402,0.01883857,-0.458824077,-0.357763809,-0.223074858,-0.454612932,0.170367651,-0.403198173,0.009140648,-0.046420435,0.237468725,-0.630763618,0.610521624,-0.353561326,0.322021465,0.465226204,-0.1267407,-0.015332979,-0.109001555,0.244053973,0.11381488,-0.007466556,-0.132092161,0.278793698,-0.090817189,0.239505202,-0.062531137,0.068655037,1,,,,,,,,,,,,,,,
Women age 15-24 years who use hygienic methods of protection during their menstrual period18 (%),-0.227292307,0.018693716,0.097944998,0.457184113,0.505075193,-0.073739956,0.574601225,0.468143292,0.43775276,0.549461806,0.326173752,0.539659212,0.445005586,0.322689421,0.433351827,0.461389603,0.186898517,0.250301557,0.35175439,-0.267631124,-0.207504943,0.095390544,0.222974555,-0.151218574,-0.326976008,-0.736621353,-0.725260988,-0.420287719,0.276903032,0.518007236,-0.287467791,0.426829043,-0.241313703,-0.139605216,-0.001734539,0.093906421,0.234856852,0.232901691,0.28291266,-0.410530616,-0.14101858,0.371498034,-0.431604832,0.746096407,0.81830491,0.126601418,0.151822636,-0.007072077,0.71449642,-0.717035674,0.452477938,0.16779116,0.421155081,0.191649666,-0.57243713,-0.711026902,0.709037795,0.765447993,0.135313275,0.370433404,0.351698841,-0.107954107,-0.482258388,-0.723194622,0.245718795,0.744054117,0.514054577,0.571396038,0.750489358,-0.6250435,0.534311404,-0.103696037,0.336958663,-0.220445975,0.655487649,-0.307853746,0.690671007,-0.620272954,-0.524631171,-0.234275092,-0.172982771,0.150359135,-0.210626079,-0.03789807,0.283556686,0.377622593,-0.591297144,-0.040410467,-0.734774928,0.081576288,0.156028383,-0.623543184,1,,,,,,,,,,,,,,
Women age 20-24 years married before age 18 years (%),0.423664004,0.110456367,0.114595738,-0.259172188,-0.287673384,0.026447099,-0.434027452,-0.381799366,-0.254208112,-0.533541859,-0.38154656,-0.548181331,-0.409206599,-0.269497738,-0.415235059,-0.439479861,-0.163723339,-0.17397229,-0.127017391,0.116274032,0.37083025,-0.107963303,-0.054572267,0.319478208,0.42611661,0.584768771,0.709559874,0.545569293,-0.28066113,-0.345104549,0.232452908,-0.398479069,0.196320147,0.070677615,-0.016484575,-0.090440633,-0.326738486,-0.218003407,-0.323588984,0.526373911,0.389716845,-0.289379651,0.329278854,-0.460605116,-0.716059772,-0.256404485,-0.145607617,0.164322269,-0.552108212,0.45681457,-0.244657956,-0.176390948,-0.429856578,-0.175504496,0.612222043,0.759260863,-0.752512793,-0.45680726,-0.023423279,-0.318635579,-0.314527533,-0.075162337,0.31347455,0.629879482,-0.18661012,-0.568681841,-0.425790084,-0.397026865,-0.572692171,0.286204506,-0.441320517,0.061679089,-0.209927291,0.417738331,-0.740611529,0.283195197,-0.666638521,0.395902765,0.488374907,0.013109458,-0.075456527,-0.013248738,0.051435465,-0.085589792,-0.229625344,-0.369218745,0.340596569,-0.135674515,0.468339452,-0.180170478,-0.056074814,0.81600986,-0.779866156,1,,,,,,,,,,,,,
Women having a bank or savings account that they themselves use (%),-0.003818801,0.24073265,0.246816086,0.556569926,0.522225301,0.076533804,0.492894711,0.492389777,0.552553071,0.562854301,0.129427855,0.517472637,0.54297102,0.472596209,0.503648232,0.550116163,0.325086218,0.413908437,0.283627649,-0.251105384,-0.030575582,-0.15880822,0.379779847,-0.087231276,-0.148294187,-0.66696856,-0.451867086,-0.198568479,0.107756418,0.498113589,-0.237126168,0.585879492,-0.117203259,-0.188070703,-0.03667019,0.313643801,0.258415003,0.272883489,0.195542736,-0.413212985,-0.127469316,0.568584893,-0.676558108,0.599962786,0.580506228,0.094788753,0.388429351,0.204603422,0.549624736,-0.574290484,0.592936373,0.373134953,-0.002808897,0.183559965,-0.272615734,-0.649044447,0.451027654,0.704709894,0.154706723,0.237832791,0.351303505,-0.198420917,-0.512159426,-0.446889484,0.018585161,0.664864792,0.560516282,0.597546117,0.673210714,-0.36461026,0.62838359,0.111601902,0.207036117,8.16756E-05,0.569303707,-0.169772288,0.474308274,-0.680313378,-0.38248686,-0.169290658,-0.118643442,0.461642818,-0.121491852,0.081321882,0.069636945,0.199911311,-0.70577646,-0.31620718,-0.599061955,-0.186489851,0.044258291,-0.50825805,0.69988722,-0.539678348,1,,,,,,,,,,,,
Women having a mobile phone that they themselves use (%),-0.436992324,-0.252075841,-0.221298592,0.178629826,0.241221262,-0.113263679,0.40626662,0.426301947,0.341924958,0.513723299,0.471231365,0.409526219,0.336343498,0.151456939,0.358012421,0.348574645,-0.027315453,0.040691922,0.313309402,-0.255122451,-0.401891853,0.107299184,0.11519234,-0.463014219,-0.405262854,-0.692761606,-0.823274921,-0.588935699,0.438153707,0.381681667,-0.353172581,0.213456382,-0.399998814,-0.21694874,-0.110545669,-0.008331905,0.176170225,0.273093871,0.531678748,-0.571419264,-0.417697469,0.232314311,-0.348113111,0.534945368,0.835590424,0.397863882,0.16748969,-0.138148261,0.484228625,-0.667451971,0.18279439,0.126553903,0.464114122,0.223091041,-0.583120535,-0.715096899,0.730755824,0.579816704,0.243227309,0.287740705,0.250740464,-0.167626332,-0.20485404,-0.747263562,0.336054759,0.533129856,0.307486222,0.369598406,0.567570171,-0.443016478,0.294103632,-0.167900759,0.260335494,-0.432319746,0.677951969,-0.055913074,0.808032219,-0.397621048,-0.642839331,-0.321317156,-0.18198929,0.038695393,-0.007528905,0.051702336,0.330550835,0.451077987,-0.382982264,0.279882355,-0.686496992,0.314591715,0.183015337,-0.553102151,0.839912977,-0.763178763,0.579419458,1,,,,,,,,,,,
Women owning a house and/or land (alone or jointly with others) (%),-0.117635984,-0.297277566,-0.3719426,-0.280582644,0.011276972,0.227597869,0.048727114,-0.052456257,-0.069437017,-0.189383507,0.098542171,-0.22087616,-0.141380582,-0.169714204,-0.133553439,-0.135951807,-0.13371852,-0.246243507,-0.163874016,0.145553938,-0.194043095,0.217586029,-0.202060533,0.050381073,-0.069675954,0.196647586,0.125872437,-0.016727621,0.209155779,-0.447063437,0.183175278,-0.266973742,0.146303963,0.253275541,0.303589448,-0.016376925,-0.46617765,-0.124587061,-0.18562542,0.52689997,0.063116456,-0.164969662,0.145263834,-0.367452588,-0.352321283,0.058495441,-0.528706866,0.112382188,-0.448906369,0.061633155,-0.281479861,-0.195138549,-0.217997955,-0.33859216,0.13320964,0.1348643,-0.287256302,-0.278824618,0.238327303,-0.14569154,-0.192052498,-0.002641281,0.259332399,0.029429621,-0.05199948,-0.229340002,-0.18510506,-0.240864296,-0.230333843,0.230889138,-0.271199133,-0.083217181,0.085334621,-0.118271376,-0.265076916,0.226687656,-0.209934177,0.349926779,0.180029847,0.078801573,0.057450306,-0.449858894,0.080139184,0.282214487,-0.096274955,0.093748254,0.367068457,0.205371324,0.099996729,0.233787027,0.169282637,0.432816102,-0.341246532,0.245962501,-0.308765322,-0.265206721,1,,,,,,,,,,
Women who are literate (%),-0.394364774,-0.084791529,-0.109673161,0.306932463,0.294694969,-0.020326457,0.405155553,0.565756176,0.43725104,0.562150115,0.416680627,0.478244358,0.403945549,0.221353652,0.415232147,0.414934759,0.055712783,0.120808743,0.300022555,-0.235204986,-0.446713981,0.067498241,0.204692019,-0.36077758,-0.371174102,-0.7429646,-0.761764496,-0.503628945,0.505234681,0.621741767,-0.204054057,0.335238629,-0.288550362,-0.157387754,-0.133712032,0.149227635,0.121754407,0.209840159,0.553468,-0.552410433,-0.365334786,0.2766122,-0.388752014,0.454616505,0.848463426,0.382933926,0.114337387,-0.0852651,0.616266267,-0.640357294,0.315270403,0.15006513,0.346682969,0.114935077,-0.530195374,-0.765983102,0.871440149,0.528926897,0.180674508,0.338366806,0.306528717,-0.229813666,-0.171567639,-0.719184516,0.220838812,0.643466654,0.501834716,0.549948748,0.658731953,-0.449476382,0.449790163,-0.000695091,0.168596796,-0.38924456,0.653238929,0.055200367,0.96238416,-0.58450206,-0.553827764,-0.327545768,-0.198756685,0.038888491,0.07935694,0.036392434,0.277636584,0.388218299,-0.509917304,0.126264583,-0.672381387,0.212223261,0.041775426,-0.470986179,0.787044421,-0.766966946,0.54868076,0.854235526,-0.258079816,1,,,,,,,,,
Women who are overweight or obese (BMI >= 25.0 kg/m2) (%),0.028550449,0.207257493,0.217778836,0.6639766,0.711402784,0.153456389,0.688711486,0.472689606,0.522960468,0.60979618,0.099690024,0.702044493,0.605747319,0.568115044,0.564388492,0.595592033,0.441296695,0.527949383,0.384141581,-0.299058046,0.041907959,-0.178423808,0.344867444,-0.052928789,-0.296068442,-0.716926574,-0.521025119,-0.28643689,0.106662269,0.544631253,-0.277275732,0.621139333,-0.253348843,-0.323136238,-0.146178954,0.152690409,0.329583162,0.052667175,0.057967953,-0.291958492,0.028675834,0.365386616,-0.550360782,0.794239861,0.666147086,-0.021544284,0.210464511,-0.031588388,0.638048273,-0.705653436,0.689712162,0.234507288,0.214805157,0.175563142,-0.398184407,-0.667608324,0.550145539,0.856518315,-0.092577846,0.349276217,0.354869196,-0.139357841,-0.716083605,-0.479634737,-0.008648974,0.784781652,0.688021886,0.713456438,0.81169051,-0.629090209,0.743085522,0.124836447,0.208603549,0.034857236,0.66241931,-0.379184109,0.532468053,-0.786809689,-0.507464331,-0.251130542,-0.237900717,0.147361122,-0.194605787,-0.094462964,0.068451241,0.170970079,-0.707268585,-0.256294269,-0.738549394,-0.171058612,-0.009597518,-0.564612708,0.828327707,-0.625283711,0.729231096,0.613997052,-0.290942183,0.616056202,1,,,,,,,,
Women who consume alcohol (%),-0.348492268,-0.250963609,-0.229702325,-0.22440495,-0.065611434,0.108851845,0.031688737,-0.022260388,-0.089297358,-0.187253959,0.266600796,-0.311398613,-0.14963667,-0.239066919,-0.106209292,-0.172818325,-0.294214779,-0.265516433,-0.055949213,0.079932175,-0.196852893,0.231774263,-0.024143622,-0.175690927,-0.085317886,-0.134316611,-0.332790468,-0.205671628,0.345305155,-0.157008599,0.140626508,-0.330084203,-0.286159753,-0.082172982,-0.027920656,-0.244719504,-0.258928825,0.072047304,0.321375378,-0.065554593,-0.25548945,-0.141722266,-0.023638872,-0.046563011,0.109046577,0.311281642,-0.076339294,0.284034577,-0.030862138,-0.065928387,-0.220201221,0.009877599,0.245506219,0.374173958,-0.213470492,0.042577312,-0.00762975,0.081897754,0.568154445,0.015259345,-0.121444138,-0.135030519,0.238933939,-0.360612711,0.562580647,-0.13846828,-0.136063422,-0.133736791,-0.128741996,0.020972115,-0.27029474,-0.220675316,-0.012197324,-0.3464375,0.010929973,0.340711215,-0.007158895,0.074586281,-0.219861468,-0.296974876,-0.271778329,-0.031396046,-0.173269278,-0.010140834,0.481224279,0.212860143,-0.144710037,0.350617006,-0.053835373,0.31880098,0.679222568,0.140980367,0.063531704,0.023913581,0.00297383,0.210655597,0.237458054,0.014230969,-0.134859309,1,,,,,,,
Women who have comprehensive knowledge17 of HIV/AIDS (%),-0.284338736,0.191780376,0.193089505,0.369197667,0.271085906,-0.05090589,0.278824923,0.324797921,0.237872749,0.373130597,0.028924636,0.480321646,0.340859057,0.238269344,0.365179343,0.321258487,0.12167385,0.167376391,0.238771804,-0.193367399,-0.2986304,0.044188396,0.216296564,-0.190626368,-0.461055613,-0.56831573,-0.560705232,-0.522513034,0.102954402,0.357034513,-0.068302776,0.307644006,-0.036041724,0.03537053,-0.139311462,0.112707452,0.331222232,0.21267491,0.409868625,-0.193519039,-0.156795905,0.133878897,-0.124749837,0.505900469,0.58214897,0.347427042,0.092128476,0.079254715,0.419176244,-0.347480713,0.339824781,0.056974769,0.314094364,0.164962447,-0.433419509,-0.409707532,0.643973604,0.433748997,0.216294912,0.816597412,0.701383656,0.090709926,-0.15707855,-0.40657044,0.124700997,0.433091136,0.493083155,0.364260853,0.440640186,-0.247614856,0.504614665,0.256600027,-0.082783914,-0.283041752,0.480328883,-0.037704981,0.548189293,-0.42768864,-0.452189082,-0.085989669,-0.064300122,-0.03813607,-0.063201889,-0.009930921,0.151997409,-0.012320224,-0.374304787,-0.096477017,-0.389688148,-0.084340724,-0.158405933,-0.328691738,0.590189921,-0.506181659,0.369961409,0.522767312,-0.283066975,0.610687857,0.488021179,-0.035177473,1,,,,,,
Women who know that consistent condom use can reduce the chances of getting HIV/AIDS (%),-0.244135579,0.346887022,0.333855219,0.4724048,0.349910728,0.088348087,0.405289159,0.2229032,0.189296123,0.473511858,0.141913865,0.503100973,0.532823175,0.42670451,0.508768011,0.520379677,0.309232746,0.370147896,0.25680048,-0.200443919,-0.264523295,0.090202085,0.299763742,-0.143021801,-0.374639394,-0.644210786,-0.60426576,-0.467218362,0.158732403,0.436958179,-0.192459425,0.427623601,0.032903482,0.089484065,0.012524764,0.174349102,0.471529108,0.428936844,0.38642368,-0.194941359,-0.050224419,0.299469161,-0.185105775,0.639208914,0.54337058,0.301202501,0.152138879,0.044534546,0.521804653,-0.446755769,0.437200658,0.241286365,0.386872026,0.22285841,-0.450932358,-0.546898646,0.632528624,0.523837436,0.191352063,0.667271177,0.803313901,-0.051201367,-0.342399777,-0.43532519,0.102758824,0.492716783,0.539555099,0.483232952,0.490596477,-0.222277753,0.614365968,0.241811157,0.15534028,-0.241141543,0.506145072,-0.060667455,0.530614477,-0.548430426,-0.543256532,-0.060964659,0.084670509,0.032272698,-0.128116409,-0.015372653,0.154126325,0.163480694,-0.508308768,-0.250460303,-0.496160445,-0.278870382,-0.198045407,-0.452427626,0.666602196,-0.606425821,0.505121783,0.563133636,-0.281535494,0.631717322,0.5995176,-0.08460632,0.880040396,1,,,,,
Women who tried to stop smoking or using tobacco in any other form during the past 12 months (%),-0.455293189,0.007994376,0.084565719,-0.041974848,0.1716514,0.043537192,0.244825659,0.107160289,-0.02384359,-0.040415678,0.415037893,0.047954023,-0.011228733,-0.027695364,-0.043477662,0.054372947,0.079713983,-0.077128433,-0.150734712,0.104741272,-0.382920679,0.533915535,-0.13539182,0.008929421,-0.310954397,-0.064384605,-0.180986625,-0.213506386,-0.085777816,-0.137469585,0.092884665,-0.045094497,0.481886598,0.462943859,0.421977225,0.400442372,-0.093450323,-0.219513978,-0.062007982,-0.140744694,-0.22791607,-0.145579038,0.075368835,-0.089115138,0.162890614,0.080172765,-0.021162366,0.051800422,0.125358862,0.11505248,-0.087778297,-0.211513586,-0.122000072,0.03596467,-0.451434532,-0.121239686,0.299541102,-0.140247373,-0.223109946,0.117864405,0.319621536,0.520391761,0.02293368,-0.082654275,0.071686808,0.097557806,0.049820668,-0.046780576,0.089239101,0.12480668,-0.014106292,-0.07860611,0.362004267,-0.454814895,0.060126381,-0.26802601,0.018250033,0.070124325,0.142383297,0.470310607,0.163050324,-0.09953816,-0.115327649,0.525945552,0.012359112,0.416066529,0.133313891,-0.04017144,0.129323957,-0.033743882,0.021801679,-0.266930711,0.178623875,-0.308894162,0.041998735,0.129110468,-0.093936266,0.128960336,0.028931892,-0.210002543,0.107707108,0.075447926,1,,,,
Women who use any kind of tobacco (%),-0.451727279,-0.372291063,-0.474881127,-0.352342968,-0.297175276,-0.054145585,-0.134554699,0.260099195,0.08498707,-0.343255422,0.276173661,-0.345394006,-0.312639667,-0.452588435,-0.190462483,-0.312752026,-0.560650202,-0.591910887,-0.324821334,0.305440879,-0.682365914,0.296453501,-0.305268802,-0.229201154,-0.433705206,-0.048845037,-0.338841525,-0.508524503,0.378537823,-0.135785491,0.240841975,-0.461130568,-0.117580207,0.262392264,0.072121177,-0.264959091,-0.380708676,-0.027097557,0.482426389,0.093597505,-0.266042197,-0.230353658,0.201928941,-0.315179476,0.036753012,0.360780152,-0.449624131,0.077725683,-0.095810031,0.062016527,-0.391254369,0.028664964,0.065116606,-0.25522789,-0.152289406,-0.032255194,0.209162168,-0.297727301,0.440209039,0.2135647,0.014523263,0.155139291,0.803026767,-0.241118544,0.305703225,-0.15853809,-0.168742981,-0.117108871,-0.151134873,0.241475548,-0.304048351,-0.169575981,-0.053084144,-0.455634495,-0.158152234,0.534328448,0.334048427,0.315030871,-0.051719951,-0.080094495,-0.012893942,-0.386726769,0.266696301,0.238803061,0.253564013,0.175963934,0.300727467,0.453064667,0.079847844,0.491399578,0.182807911,0.288212766,-0.07131626,-0.054239339,-0.21039873,0.112602192,0.307387783,0.242733653,-0.324849018,0.237096193,0.251977818,0.058758997,0.042943997,1,,,
Women who worked in the last 12 months who were paid in cash (%),0.004838048,0.059349208,0.126597367,0.097739034,0.360299351,0.220142984,0.264271988,0.080087536,0.153188505,-0.065121621,0.04405149,0.105205102,0.031629244,0.12457921,0.049967405,-0.027749641,0.124066904,0.107351761,0.138169282,-0.093957801,-0.136031203,0.258866851,0.157485409,0.45606712,-0.212050745,-0.010239411,0.049682439,-0.082899794,0.122834877,0.059450352,0.07948083,0.021045236,0.058184201,0.113398577,0.177481055,-0.080556096,-0.274662624,-0.107616626,0.16383735,0.453047904,0.277320003,0.05269584,0.069785416,0.096592989,-0.103367348,-0.066238792,-0.544681843,0.492898653,0.252858477,-0.137161881,0.082790294,-0.258756309,-0.162676148,0.065738302,-0.071866426,0.000174475,-0.0413326,0.039932706,0.348691407,0.311105163,0.129578833,0.211442629,0.078516704,0.121257741,0.138708872,0.238451901,0.283907356,0.247029118,0.226008254,-0.154682575,0.186338037,0.074694156,-0.018332165,0.002161664,-0.159088891,-0.089757211,0.026901368,-0.115350788,-0.036192625,-0.041096542,-0.156301174,-0.226356898,0.22462635,0.182766396,-0.065569179,0.037985701,-0.03443192,-0.17025152,-0.131217809,-0.041752873,0.063173006,0.19781731,0.054315096,0.084330394,0.027251874,-0.118948477,0.247015642,0.028230934,0.077234099,0.016932143,0.181486894,0.129655034,0.058475914,0.304144268,1,,
Women whose Body Mass Index (BMI) is below normal (BMI < 18.5 kg/m2) (%),0.448539061,0.124482588,0.124660592,-0.113321655,-0.278527835,-0.011272397,-0.48223049,-0.396835094,-0.283379117,-0.357927071,-0.562667805,-0.30646098,-0.310450468,-0.094881404,-0.330248406,-0.330224699,0.088320857,0.042562836,-0.190780557,0.140515586,0.440446197,-0.231810948,-0.038584211,0.390574371,0.474080213,0.73289891,0.922117157,0.684116434,-0.398891549,-0.285731995,0.256375223,-0.079889741,0.252309379,0.031823606,-0.0966541,-0.035380263,-0.116455899,-0.235399469,-0.477710646,0.381971289,0.301421665,-0.121240316,0.310876541,-0.516530198,-0.78700753,-0.335722726,0.008282194,-0.012047014,-0.56889312,0.611034178,-0.12752811,-0.126562982,-0.551815278,-0.156523091,0.534975772,0.648684526,-0.619748295,-0.573948848,-0.301003567,-0.3061994,-0.26949756,0.17082222,0.1383467,0.892059735,-0.373315266,-0.432351848,-0.30435729,-0.367230179,-0.456174342,0.397000271,-0.234154793,0.256206572,-0.363926469,0.44232586,-0.58876502,-0.055908661,-0.706943042,0.403826473,0.625471792,0.273440433,0.052373492,0.074483117,0.104395705,0.058965341,-0.429275418,-0.547642682,0.427811393,-0.180497981,0.623152751,-0.283948237,-0.304125759,0.440714882,-0.800241273,0.72882701,-0.506470993,-0.842234281,0.103394953,-0.772275797,-0.603283541,-0.311821735,-0.538482093,-0.60391417,-0.136034973,-0.228665093,0.020019777,1,
Women with 10 or more years of schooling (%),-0.093487465,0.081866224,0.144299204,0.532679374,0.524947288,-0.066817906,0.542256161,0.393819345,0.407468026,0.723036657,0.174743777,0.693786704,0.551492065,0.473107214,0.515026467,0.581069169,0.397275678,0.442219078,0.489008863,-0.431530817,-0.041169716,-0.062437883,0.281396605,-0.17722832,-0.186053118,-0.671594073,-0.54119971,-0.253566943,0.16648196,0.526570151,-0.306373318,0.622433005,-0.162755634,-0.212318121,-0.095783614,0.200520229,0.343819805,0.228599497,0.168940231,-0.37327507,-0.049558894,0.397103021,-0.44898398,0.706428418,0.722137265,0.084949452,0.223708726,-0.110718095,0.597195134,-0.678528956,0.543020319,0.101064431,0.253976393,0.164408156,-0.472125828,-0.70182151,0.706002455,0.723688047,0.005405582,0.33092848,0.354134823,-0.154160483,-0.66751802,-0.514114347,-0.035976304,0.752106389,0.604700239,0.585942226,0.771207543,-0.614344868,0.642963311,0.073708201,0.248432428,-0.086341383,0.705480851,-0.461300689,0.663513128,-0.66857063,-0.492317459,-0.175337701,-0.147380036,0.078129904,-0.071004062,-0.025204927,0.072466305,0.228251296,-0.559204522,-0.109162958,-0.711739439,-0.046753108,-0.09216668,-0.680420326,0.873993124,-0.762629734,0.662499638,0.745962751,-0.317143631,0.750587296,0.844477377,-0.173613946,0.54701637,0.657831603,0.133740347,-0.308189004,-0.041624686,-0.619798491,1
